,,,,,x,xdiff,y,ydiff,z,zdiff,adiff,asqur,,,
02-19-08 994,0,0,0,0,0,,0,,0,,,0,0,0,0
02-19-09 001,0,0,0,0,0,0,0,0,0,0,0,0,0,0,0
02-19-09 172,0,0,0,0,-0.229141,0.229141,0.781403,0.781403,-0.115799,0.115799,0.822499638,0.822499638,0,0,0
02-19-09 174,0,0,0,0,-0.229141,0,0.781403,0,-0.115799,0,0,0.822499638,0,0,0
02-19-09 180,0,0,0,0,-0.229141,0,0.781403,0,-0.115799,0,0,0.822499638,0,0,0
02-19-09 201,0.04,0,0,0,-0.229141,0,0.781403,0,-0.115799,0,0,0.822499638,0,0,0
02-19-09 249,0,0,0,0,-0.229141,0,0.781403,0,-0.115799,0,0,0.822499638,0,0,0
02-19-09 308,0,0,0,0,-0.229141,0,0.781403,0,-0.115799,0,0,0.822499638,0,0,0
02-19-09 357,0,0,0,0,-1.604156,1.375015,0.923981,0.142578,-0.126877,0.011078,1.382431719,1.855574071,0,0,0
02-19-09 406,0,0,0,0.04,-1.604156,0,0.923981,0,-0.126877,0,0,1.855574071,2.39753,-0.217315,0.829768
02-19-09 457,0,0,0,0.04,-1.604156,0,0.923981,0,-0.126877,0,0,1.855574071,2.39753,-0.217315,0.829768
02-19-09 514,0,0,0,0,-1.604156,0,0.923981,0,-0.126877,0,0,1.855574071,2.39753,-0.217315,0.829768
02-19-09 563,0,0,0,0.04,-1.604156,0,0.923981,0,-0.126877,0,0,1.855574071,2.39753,-0.217315,0.829768
02-19-09 611,0,0,0,0.04,-1.604156,0,0.923981,0,-0.126877,0,0,1.855574071,2.39753,-0.217315,0.829768
02-19-09 660,0,0,0,0.04,-0.570816,1.03334,0.843063,0.080918,-0.254456,0.127579,1.044325466,1.049444607,2.39753,-0.217315,0.829768
02-19-09 718,0,0,0,0.04,-0.570816,0,0.843063,0,-0.254456,0,0,1.049444607,2.39753,-0.217315,0.829768
02-19-09 767,0,0,0,0.04,-0.570816,0,0.843063,0,-0.254456,0,0,1.049444607,-0.869511,-0.267667,0.311082
02-19-09 817,0,0,0,0.08,-0.570816,0,0.843063,0,-0.254456,0,0,1.049444607,-0.869511,-0.267667,0.311082
02-19-09 875,0,0,0,0.08,-0.464966,0.10585,1.207596,0.364533,-0.064423,0.190033,0.424500968,1.295620239,-0.869511,-0.267667,0.311082
02-19-09 923,0,0,0,0.04,-0.464966,0,1.207596,0,-0.064423,0,0,1.295620239,-0.869511,-0.267667,0.311082
02-19-09 979,0,0,0,0.04,-0.464966,0,1.207596,0,-0.064423,0,0,1.295620239,-0.121994,-0.504835,0.369826
02-19-10 025,0,0,0,0.08,-0.464966,0,1.207596,0,-0.064423,0,0,1.295620239,-0.121994,-0.504835,0.369826
02-19-10 080,0,0,0,0.04,-0.778976,0.31401,0.434052,0.773544,-0.359985,0.295562,0.885623789,0.961662076,-0.121994,-0.504835,0.369826
02-19-10 128,0,0,0,0.08,-0.778976,0,0.434052,0,-0.359985,0,0,0.961662076,-0.121994,-0.504835,0.369826
02-19-10 177,0,0,0,0.04,-0.778976,0,0.434052,0,-0.359985,0,0,0.961662076,-0.289586,-0.53914,-1.830385
02-19-10 227,0,0,0,0.04,-0.778976,0,0.434052,0,-0.359985,0,0,0.961662076,-0.289586,-0.53914,-1.830385
02-19-10 286,0,0,0,0.04,-0.689178,0.089798,0.70015,0.266098,-0.034103,0.325882,0.43019868,0.983025611,-0.289586,-0.53914,-1.830385
02-19-10 333,0,0,0,0.08,-0.689178,0,0.70015,0,-0.034103,0,0,0.983025611,-0.289586,-0.53914,-1.830385
02-19-10 385,0,0,0,0.08,-0.689178,0,0.70015,0,-0.034103,0,0,0.983025611,1.42081,0.908069,2.429484
02-19-10 451,0,0,0,0.04,-0.883514,0.194336,0.558533,0.141617,0.012512,0.046615,0.244938388,1.045328968,1.42081,0.908069,2.429484
02-19-10 493,0,0,0,0.04,-0.883514,0,0.558533,0,0.012512,0,0,1.045328968,1.42081,0.908069,2.429484
02-19-10 539,0,0,0,0.04,-0.883514,0,0.558533,0,0.012512,0,0,1.045328968,1.42081,0.908069,2.429484
02-19-10 588,0,0,0,0.08,-0.883514,0,0.558533,0,0.012512,0,0,1.045328968,-0.815994,6.406529,-1.851376
02-19-10 647,0,0,0,0.04,-0.493942,0.389572,0.564636,0.006103,-0.939789,0.952301,1.028922147,1.202495687,-0.815994,6.406529,-1.851376
02-19-10 696,0,0,0,0.04,-0.493942,0,0.564636,0,-0.939789,0,0,1.202495687,-0.815994,6.406529,-1.851376
02-19-10 744,0,0,0,0.04,-0.493942,0,0.564636,0,-0.939789,0,0,1.202495687,-0.815994,6.406529,-1.851376
02-19-10 793,0,0,0,0.08,-0.493942,0,0.564636,0,-0.939789,0,0,1.202495687,0.384893,-0.019793,-0.417156
02-19-10 851,0,0,0,0.04,-0.137787,0.356155,0.476166,0.08847,-0.855087,0.084702,0.37662681,0.988379024,0.384893,-0.019793,-0.417156
02-19-10 902,0,0,0,0.04,-0.137787,0,0.476166,0,-0.855087,0,0,0.988379024,0.384893,-0.019793,-0.417156
02-19-10 956,0,0,0,0.04,-0.137787,0,0.476166,0,-0.855087,0,0,0.988379024,0.384893,-0.019793,-0.417156
02-19-11 008,0,0,0,0.04,-0.137787,0,0.476166,0,-0.855087,0,0,0.988379024,0.384893,-0.019793,-0.417156
02-19-11 057,0,0,0,0.08,-0.093842,0.043945,0.348404,0.127762,-0.885193,0.030106,0.138422046,0.955907064,-0.24737,0.825183,-0.349295
02-19-11 106,0,0,0,0.04,-0.093842,0,0.348404,0,-0.885193,0,0,0.955907064,-0.24737,0.825183,-0.349295
02-19-11 156,0,0,0,0.08,-0.093842,0,0.348404,0,-0.885193,0,0,0.955907064,-0.24737,0.825183,-0.349295
02-19-11 219,0,0,0,0,-0.093842,0,0.348404,0,-0.885193,0,0,0.955907064,-0.24737,0.825183,-0.349295
02-19-11 264,0,0,0,0.04,-0.123444,0.029602,0.291245,0.057159,-0.885101,9.2E-05,0.064369544,0.939928642,0.32764,0.09383,-0.137114
02-19-11 310,0,0,0,0.04,-0.123444,0,0.291245,0,-0.885101,0,0,0.939928642,0.32764,0.09383,-0.137114
02-19-11 359,0,0,0,0.04,-0.123444,0,0.291245,0,-0.885101,0,0,0.939928642,0.32764,0.09383,-0.137114
02-19-11 417,0,0,0,0.04,-0.123444,0,0.291245,0,-0.885101,0,0,0.939928642,0.32764,0.09383,-0.137114
02-19-11 467,0,0,0,0.04,0.182861,0.306305,0.882019,0.590774,-0.684769,0.200332,0.69496013,1.1315053,0.879183,-8.234504,5.246901
02-19-11 515,0,0,0,0.04,0.182861,0,0.882019,0,-0.684769,0,0,1.1315053,0.879183,-8.234504,5.246901
02-19-11 565,0,0,0,0.08,0.182861,0,0.882019,0,-0.684769,0,0,1.1315053,0.879183,-8.234504,5.246901
02-19-11 623,0,0,0,0.04,0.182861,0,0.882019,0,-0.684769,0,0,1.1315053,0.879183,-8.234504,5.246901
02-19-11 678,0,0,0,0.04,-0.990448,1.173309,0.461792,0.420227,0.051575,0.736344,1.447565966,1.094028826,1.484579,-1.749101,-0.04492
02-19-11 723,0,0,0,0.04,-0.990448,0,0.461792,0,0.051575,0,0,1.094028826,1.484579,-1.749101,-0.04492
02-19-11 779,0,0,0,0.08,-0.990448,0,0.461792,0,0.051575,0,0,1.094028826,1.484579,-1.749101,-0.04492
02-19-11 828,0,0,0,0.04,-0.990448,0,0.461792,0,0.051575,0,0,1.094028826,1.484579,-1.749101,-0.04492
02-19-11 881,0,0,0,0,-0.794632,0.195816,1.175354,0.713562,-0.454712,0.506287,0.896571893,1.489852356,-0.327896,0.918885,-0.98569
02-19-11 926,0,0,0,0.04,-0.794632,0,1.175354,0,-0.454712,0,0,1.489852356,-0.327896,0.918885,-0.98569
02-19-11 984,0,0,0,0.04,-0.794632,0,1.175354,0,-0.454712,0,0,1.489852356,-0.327896,0.918885,-0.98569
02-19-12 033,0,0,0,0.04,-0.794632,0,1.175354,0,-0.454712,0,0,1.489852356,-0.327896,0.918885,-0.98569
02-19-12 083,0,0,0,0.04,0.051727,0.846359,1.272247,0.096893,-0.171722,0.28299,0.897660933,1.284825497,-0.155812,-0.272275,5.250019
02-19-12 130,0,0,0,0.04,0.051727,0,1.272247,0,-0.171722,0,0,1.284825497,-0.155812,-0.272275,5.250019
02-19-12 191,0,0,0,0.04,0.051727,0,1.272247,0,-0.171722,0,0,1.284825497,-0.155812,-0.272275,5.250019
02-19-12 238,0,0,0,0,0.051727,0,1.272247,0,-0.171722,0,0,1.284825497,-0.155812,-0.272275,5.250019
02-19-12 297,0,0,0,0,-0.257187,0.308914,1.025833,0.246414,-0.028183,0.143539,0.420417844,1.057956889,-0.218015,0.087627,0.09683
02-19-12 346,0,0,0,0.08,-0.257187,0,1.025833,0,-0.028183,0,0,1.057956889,-0.218015,0.087627,0.09683
02-19-12 394,0,0,0,0.2,-0.257187,0,1.025833,0,-0.028183,0,0,1.057956889,-0.218015,0.087627,0.09683
02-19-12 443,0,0,0.04,0.32,-0.257187,0,1.025833,0,-0.028183,0,0,1.057956889,-0.218015,0.087627,0.09683
02-19-12 492,0,0,0.04,0.44,-0.12439,0.132797,1.037338,0.011505,-0.104477,0.076294,0.153584448,1.04998021,-1.342903,0.095827,-0.044719
02-19-12 550,0,0,0.12,0.48,-0.12439,0,1.037338,0,-0.104477,0,0,1.04998021,-1.342903,0.095827,-0.044719
02-19-12 599,0,0,0.12,0.48,-0.12439,0,1.037338,0,-0.104477,0,0,1.04998021,-1.342903,0.095827,-0.044719
02-19-12 648,0,0,0.12,0.44,-0.12439,0,1.037338,0,-0.104477,0,0,1.04998021,-1.342903,0.095827,-0.044719
02-19-12 707,0,0,0.12,0.52,0.067978,0.192368,0.982559,0.054779,0.17662,0.281097,0.344995231,1.000618719,0.371223,-2.131566,0.145224
02-19-12 755,0,0,0.04,0.52,0.067978,0,0.982559,0,0.17662,0,0,1.000618719,0.371223,-2.131566,0.145224
02-19-12 804,0,0,0.04,0.44,0.067978,0,0.982559,0,0.17662,0,0,1.000618719,0.371223,-2.131566,0.145224
02-19-12 854,0,0,0,0.16,0.067978,0,0.982559,0,0.17662,0,0,1.000618719,0.371223,-2.131566,0.145224
02-19-12 912,0,0,0,0,-0.322632,0.39061,1.360855,0.378296,-0.056824,0.233444,0.591760202,1.39973094,0.813534,-1.010202,-0.199884
02-19-12 965,0,0,0,0,-0.322632,0,1.360855,0,-0.056824,0,0,1.39973094,0.813534,-1.010202,-0.199884
02-19-13 010,0,0,0,0,-0.322632,0,1.360855,0,-0.056824,0,0,1.39973094,0.813534,-1.010202,-0.199884
02-19-13 059,0,0,0,0,-0.294037,0.028595,0.964325,0.39653,-0.177185,0.120361,0.415379929,1.023608806,0.813534,-1.010202,-0.199884
02-19-13 125,0,0,0,0,-0.294037,0,0.964325,0,-0.177185,0,0,1.023608806,0.305471,-2.015101,0.148424
02-19-13 168,0,0,0,0,-0.294037,0,0.964325,0,-0.177185,0,0,1.023608806,0.305471,-2.015101,0.148424
02-19-13 219,0,0,0,0,-0.294037,0,0.964325,0,-0.177185,0,0,1.023608806,0.305471,-2.015101,0.148424
02-19-13 277,0,0,0,0,-0.264969,0.029068,1.03598,0.071655,0.340714,0.517899,0.523639916,1.122296378,0.722322,-1.1174,-0.230727
02-19-13 324,0,0,0,0,-0.264969,0,1.03598,0,0.340714,0,0,1.122296378,0.722322,-1.1174,-0.230727
02-19-13 373,0,0,0,0,-0.264969,0,1.03598,0,0.340714,0,0,1.122296378,0.722322,-1.1174,-0.230727
02-19-13 420,0,0,0,0,-0.264969,0,1.03598,0,0.340714,0,0,1.122296378,0.722322,-1.1174,-0.230727
02-19-13 479,0,0,0,0,-0.261276,0.003693,1.02861,0.00737,-0.10791,0.448624,0.448699731,1.066746572,-0.073187,-0.308589,0.098947
02-19-13 527,0,0,0,0,-0.261276,0,1.02861,0,-0.10791,0,0,1.066746572,-0.073187,-0.308589,0.098947
02-19-13 577,0,0,0,0,-0.261276,0,1.02861,0,-0.10791,0,0,1.066746572,-0.073187,-0.308589,0.098947
02-19-13 631,0,0,0,0,-0.261276,0,1.02861,0,-0.10791,0,0,1.066746572,-0.073187,-0.308589,0.098947
02-19-13 690,0,0,0,0,-0.235153,0.026123,0.908844,0.119766,-0.170197,0.062287,0.137499005,0.954076186,0.124075,0.390327,0.010629
02-19-13 732,0,0,0,0.04,-0.235153,0,0.908844,0,-0.170197,0,0,0.954076186,0.124075,0.390327,0.010629
02-19-13 781,0,0,0,0.04,-0.235153,0,0.908844,0,-0.170197,0,0,0.954076186,0.124075,0.390327,0.010629
02-19-13 839,0,0,0,0.04,-0.235153,0,0.908844,0,-0.170197,0,0,0.954076186,0.124075,0.390327,0.010629
02-19-13 888,0,0,0,0.04,-0.09079,0.144363,0.997864,0.08902,-0.131485,0.038712,0.173965097,1.010575921,-0.076452,-0.077072,0.022999
02-19-13 937,0,0,0,0,-0.09079,0,0.997864,0,-0.131485,0,0,1.010575921,-0.076452,-0.077072,0.022999
02-19-13 986,0,0,0,0,-0.09079,0,0.997864,0,-0.131485,0,0,1.010575921,-0.076452,-0.077072,0.022999
02-19-14 044,0,0,0,0,-0.09079,0,0.997864,0,-0.131485,0,0,1.010575921,-0.076452,-0.077072,0.022999
02-19-14 094,0,0,0,0,-0.032516,0.058274,1.009369,0.011505,-0.169342,0.037857,0.07043704,1.023992081,-0.100737,0.401621,-0.110121
02-19-14 142,0,0,0,0,-0.032516,0,1.009369,0,-0.169342,0,0,1.023992081,-0.100737,0.401621,-0.110121
02-19-14 192,0,0,0,0,-0.032516,0,1.009369,0,-0.169342,0,0,1.023992081,-0.100737,0.401621,-0.110121
02-19-14 253,0,0,0,0,-0.032516,0,1.009369,0,-0.169342,0,0,1.023992081,-0.100737,0.401621,-0.110121
02-19-14 302,0,0,0,0,-0.201645,0.169129,0.983887,0.025482,-0.094162,0.07518,0.18683143,1.008742196,-0.0863,0.066224,-0.070393
02-19-14 349,0,0,0,0,-0.201645,0,0.983887,0,-0.094162,0,0,1.008742196,-0.0863,0.066224,-0.070393
02-19-14 396,0,0,0,0,-0.201645,0,0.983887,0,-0.094162,0,0,1.008742196,-0.0863,0.066224,-0.070393
02-19-14 457,0,0,0,0,-0.201645,0,0.983887,0,-0.094162,0,0,1.008742196,-0.0863,0.066224,-0.070393
02-19-14 503,0,0,0,0,-0.220428,0.018783,0.991776,0.007889,-0.147232,0.05307,0.056845952,1.026589207,-0.034437,-0.015495,0.0111
02-19-14 553,0,0,0,0,-0.220428,0,0.991776,0,-0.147232,0,0,1.026589207,-0.034437,-0.015495,0.0111
02-19-14 611,0,0,0,0,-0.220428,0,0.991776,0,-0.147232,0,0,1.026589207,-0.034437,-0.015495,0.0111
02-19-14 660,0,0,0,0,-0.220428,0,0.991776,0,-0.147232,0,0,1.026589207,-0.034437,-0.015495,0.0111
02-19-14 709,0,0,0,0,-0.21077,0.009658,0.978104,0.013672,-0.08046,0.066772,0.06883822,1.003785455,0.053489,-0.335649,0.022944
02-19-14 766,0,0,0,0,-0.21077,0,0.978104,0,-0.08046,0,0,1.003785455,0.053489,-0.335649,0.022944
02-19-14 816,0,0,0,0,-0.21077,0,0.978104,0,-0.08046,0,0,1.003785455,0.053489,-0.335649,0.022944
02-19-14 865,0,0,0,0,-0.21077,0,0.978104,0,-0.08046,0,0,1.003785455,0.053489,-0.335649,0.022944
02-19-14 914,0,0,0,0,-0.266983,0.056213,0.991562,0.013458,-0.146042,0.065582,0.087418636,1.037209423,0.12513,0.087997,0.101948
02-19-14 962,0,0,0,0,-0.266983,0,0.991562,0,-0.146042,0,0,1.037209423,0.12513,0.087997,0.101948
02-19-15 021,0,0,0,0,-0.266983,0,0.991562,0,-0.146042,0,0,1.037209423,0.12513,0.087997,0.101948
02-19-15 073,0,0,0,0,-0.266983,0,0.991562,0,-0.146042,0,0,1.037209423,0.163657,-0.465369,0.248043
02-19-15 119,0,0,0,0,-0.298294,0.031311,0.950012,0.04155,-0.038742,0.1073,0.11924794,0.996495385,0.163657,-0.465369,0.248043
02-19-15 177,0,0,0,0,-0.298294,0,0.950012,0,-0.038742,0,0,0.996495385,0.163657,-0.465369,0.248043
02-19-15 227,0,0,0,0,-0.298294,0,0.950012,0,-0.038742,0,0,0.996495385,0.163657,-0.465369,0.248043
02-19-15 275,0,0,0,0,-0.298294,0,0.950012,0,-0.038742,0,0,0.996495385,0.686647,-0.076242,0.451608
02-19-15 324,0,0,0,0,-0.100464,0.19783,1.054947,0.104935,-0.135147,0.096405,0.243807275,1.068302813,0.686647,-0.076242,0.451608
02-19-15 382,0,0,0,0,-0.100464,0,1.054947,0,-0.135147,0,0,1.068302813,0.686647,-0.076242,0.451608
02-19-15 432,0,0,0,0.08,-0.100464,0,1.054947,0,-0.135147,0,0,1.068302813,0.686647,-0.076242,0.451608
02-19-15 483,0,0,0.08,0.56,-0.412506,0.312042,1.125336,0.070389,-0.436523,0.301376,0.439490972,1.2755762,-2.749579,-4.079218,-0.107745
02-19-15 539,0,0,0.12,1.28,-0.412506,0,1.125336,0,-0.436523,0,0,1.2755762,-2.749579,-4.079218,-0.107745
02-19-15 590,0,0,0.08,1.24,-0.412506,0,1.125336,0,-0.436523,0,0,1.2755762,-2.749579,-4.079218,-0.107745
02-19-15 637,0,0,0,1.24,-0.412506,0,1.125336,0,-0.436523,0,0,1.2755762,-2.749579,-4.079218,-0.107745
02-19-15 685,0,0,0,1.32,0.270462,0.682968,0.418442,0.706894,-0.167221,0.269302,1.019150619,0.525553293,-0.159078,-2.741565,-0.86273
02-19-15 745,0,0,0,1.28,0.270462,0,0.418442,0,-0.167221,0,0,0.525553293,-0.159078,-2.741565,-0.86273
02-19-15 793,0,0,0,0.24,0.270462,0,0.418442,0,-0.167221,0,0,0.525553293,-0.159078,-2.741565,-0.86273
02-19-15 846,0,0,0,0.04,0.270462,0,0.418442,0,-0.167221,0,0,0.525553293,-0.159078,-2.741565,-0.86273
02-19-15 890,0,0,0,0,0.212219,0.058243,0.914291,0.495849,-0.479126,0.311905,0.588679205,1.053815288,-0.480384,1.044785,-0.325529
02-19-15 951,0,0,0,0,0.212219,0,0.914291,0,-0.479126,0,0,1.053815288,-0.480384,1.044785,-0.325529
02-19-15 998,0,0,0,0,0.212219,0,0.914291,0,-0.479126,0,0,1.053815288,-0.480384,1.044785,-0.325529
02-19-16 046,0,0,0,0,0.212219,0,0.914291,0,-0.479126,0,0,1.053815288,-0.480384,1.044785,-0.325529
02-19-16 105,0,0,0,0,-0.051605,0.263824,1.041473,0.127182,-0.005234,0.473892,0.557092445,1.042763866,0.631126,2.03497,0.174761
02-19-16 154,0,0,0,0,-0.051605,0,1.041473,0,-0.005234,0,0,1.042763866,0.631126,2.03497,0.174761
02-19-16 206,0,0,0,0,-0.051605,0,1.041473,0,-0.005234,0,0,1.042763866,0.631126,2.03497,0.174761
02-19-16 252,0,0,0,0,-0.051605,0,1.041473,0,-0.005234,0,0,1.042763866,0.631126,2.03497,0.174761
02-19-16 312,0,0,0,0,-0.300308,0.248703,1.068207,0.026734,-0.200516,0.195282,0.317337279,1.127589356,0.528616,0.31262,0.461519
02-19-16 366,0,0,0,0,-0.300308,0,1.068207,0,-0.200516,0,0,1.127589356,0.528616,0.31262,0.461519
02-19-16 408,0,0,0,0,-0.300308,0,1.068207,0,-0.200516,0,0,1.127589356,0.528616,0.31262,0.461519
02-19-16 463,0,0,0.12,0.2,-0.300308,0,1.068207,0,-0.200516,0,0,1.127589356,0.528616,0.31262,0.461519
02-19-16 518,0,0,0.24,0.52,0.079285,0.379593,1.248749,0.180542,0.063934,0.26445,0.49660856,1.252895739,-1.990195,-0.995209,-0.611096
02-19-16 565,0,0,0.2,0.48,0.079285,0,1.248749,0,0.063934,0,0,1.252895739,-1.990195,-0.995209,-0.611096
02-19-16 615,0,0,0.08,0.2,0.079285,0,1.248749,0,0.063934,0,0,1.252895739,-1.990195,-0.995209,-0.611096
02-19-16 672,0,0,0,0.08,0.079285,0,1.248749,0,0.063934,0,0,1.252895739,-1.990195,-0.995209,-0.611096
02-19-16 721,0,0,0,0,0.010849,0.068436,0.761948,0.486801,-0.069031,0.132965,0.509252777,0.765145564,-1.632606,-1.981436,-0.949538
02-19-16 770,0,0,0,0,0.010849,0,0.761948,0,-0.069031,0,0,0.765145564,-1.632606,-1.981436,-0.949538
02-19-16 818,0,0,0,0,0.010849,0,0.761948,0,-0.069031,0,0,0.765145564,-1.632606,-1.981436,-0.949538
02-19-16 877,0,0.08,0,0,0.010849,0,0.761948,0,-0.069031,0,0,0.765145564,-1.632606,-1.981436,-0.949538
02-19-16 926,0,0.04,0,0,-0.453812,0.464661,1.056046,0.294098,0.483566,0.552597,0.779594076,1.24700223,1.266828,0.512086,0.302564
02-19-16 976,0,0,0,0,-0.453812,0,1.056046,0,0.483566,0,0,1.24700223,1.266828,0.512086,0.302564
02-19-17 026,0,0,0,0,-0.453812,0,1.056046,0,0.483566,0,0,1.24700223,1.266828,0.512086,0.302564
02-19-17 082,0,0,0,0,-0.453812,0,1.056046,0,0.483566,0,0,1.24700223,1.266828,0.512086,0.302564
02-19-17 131,0,0,0,0,-0.194901,0.258911,0.594757,0.461289,-0.65065,1.134216,1.251506445,0.902811005,0.87792,-0.665633,0.576119
02-19-17 182,0,0,0,0,-0.194901,0,0.594757,0,-0.65065,0,0,0.902811005,0.87792,-0.665633,0.576119
02-19-17 262,0,0,0,0,-0.194901,0,0.594757,0,-0.65065,0,0,0.902811005,0.87792,-0.665633,0.576119
02-19-17 270,0,0,0,0,-0.194901,0,0.594757,0,-0.65065,0,0,0.902811005,0.87792,-0.665633,0.576119
02-19-17 288,0,0,0,0,-0.194901,0,0.594757,0,-0.65065,0,0,0.902811005,0.102654,1.599842,-0.085989
02-19-17 336,0,0,0,0,-0.132858,0.062043,0.925858,0.331101,-0.190887,0.459763,0.569964229,0.95462146,0.102654,1.599842,-0.085989
02-19-17 385,0,0,0,0,-0.132858,0,0.925858,0,-0.190887,0,0,0.95462146,0.102654,1.599842,-0.085989
02-19-17 443,0,0,0,0,-0.132858,0,0.925858,0,-0.190887,0,0,0.95462146,0.102654,1.599842,-0.085989
02-19-17 496,0,0,0,0,-0.132858,0,0.925858,0,-0.190887,0,0,0.95462146,0.647323,-0.054365,0.42663
02-19-17 541,0,0,0,0,-0.193726,0.060868,0.95108,0.025222,-0.068405,0.122482,0.139078766,0.973017047,0.647323,-0.054365,0.42663
02-19-17 589,0,0,0,0,-0.193726,0,0.95108,0,-0.068405,0,0,0.973017047,0.647323,-0.054365,0.42663
02-19-17 652,0,0,0,0,-0.193726,0,0.95108,0,-0.068405,0,0,0.973017047,0.647323,-0.054365,0.42663
02-19-17 698,0,0,0.32,0.28,-0.193726,0,0.95108,0,-0.068405,0,0,0.973017047,-1.394414,-1.006404,-0.387186
02-19-17 746,0,0,0.28,0.76,-0.149368,0.044358,1.235107,0.284027,0.390335,0.45874,0.541369889,1.303902417,-1.394414,-1.006404,-0.387186
02-19-17 811,0,0,0.08,0.72,-0.149368,0,1.235107,0,0.390335,0,0,1.303902417,-1.394414,-1.006404,-0.387186
02-19-17 856,0,0,0,0.36,-0.149368,0,1.235107,0,0.390335,0,0,1.303902417,-1.394414,-1.006404,-0.387186
02-19-17 914,0,0,0,0.04,-0.03273,0.116638,0.803787,0.43132,-0.226868,0.617203,0.7619586,0.835831253,-2.749012,-1.971069,-0.661708
02-19-17 952,0,0,0,0,-0.03273,0,0.803787,0,-0.226868,0,0,0.835831253,-2.749012,-1.971069,-0.661708
02-19-18 010,0,0,0,0,-0.03273,0,0.803787,0,-0.226868,0,0,0.835831253,-2.749012,-1.971069,-0.661708
02-19-18 059,0,0,0,0,-0.03273,0,0.803787,0,-0.226868,0,0,0.835831253,-2.749012,-1.971069,-0.661708
02-19-18 107,0,0,0,0,-0.195068,0.162338,0.957962,0.154175,0.447861,0.674729,0.710902792,1.075324227,2.419214,0.894742,0.02346
02-19-18 166,0,0,0,0,-0.195068,0,0.957962,0,0.447861,0,0,1.075324227,2.419214,0.894742,0.02346
02-19-18 215,0,0,0,0,-0.195068,0,0.957962,0,0.447861,0,0,1.075324227,2.419214,0.894742,0.02346
02-19-18 265,0,0,0,0,-0.195068,0,0.957962,0,0.447861,0,0,1.075324227,2.419214,0.894742,0.02346
02-19-18 316,0,0,0,0,-0.200165,0.005097,1.023438,0.065476,-0.363815,0.811676,0.814328567,1.10446943,1.341563,1.264498,0.565452
02-19-18 372,0,0,0,0,-0.200165,0,1.023438,0,-0.363815,0,0,1.10446943,1.341563,1.264498,0.565452
02-19-18 427,0,0,0,0,-0.200165,0,1.023438,0,-0.363815,0,0,1.10446943,1.341563,1.264498,0.565452
02-19-18 470,0,0,0,0,-0.200165,0,1.023438,0,-0.363815,0,0,1.10446943,1.341563,1.264498,0.565452
02-19-18 521,0,0,0,0,-0.175766,0.024399,0.935104,0.088334,-0.529694,0.165879,0.189510025,1.088985267,-0.039678,1.951737,0.09362
02-19-18 576,0,0,0,0,-0.175766,0,0.935104,0,-0.529694,0,0,1.088985267,-0.039678,1.951737,0.09362
02-19-18 637,0,0,0,0,-0.175766,0,0.935104,0,-0.529694,0,0,1.088985267,-0.039678,1.951737,0.09362
02-19-18 675,0,0,0,0,-0.175766,0,0.935104,0,-0.529694,0,0,1.088985267,-0.039678,1.951737,0.09362
02-19-18 727,0,0,0,0,-0.21962,0.043854,1.018677,0.083573,-0.083328,0.446366,0.456234836,1.045408691,0.403679,0.100512,0.630167
02-19-18 781,0,0,0,0,-0.21962,0,1.018677,0,-0.083328,0,0,1.045408691,0.403679,0.100512,0.630167
02-19-18 836,0,0,0.16,0.32,-0.21962,0,1.018677,0,-0.083328,0,0,1.045408691,0.403679,0.100512,0.630167
02-19-18 886,0,0,0.4,1.04,-0.21962,0,1.018677,0,-0.083328,0,0,1.045408691,0.403679,0.100512,0.630167
02-19-18 941,1.6,0,0.28,1.04,0.498184,0.717804,1.654572,0.635895,-0.426697,0.343369,1.018581025,1.77985003,-3.223112,-2.230821,-1.188295
02-19-18 987,0,0,0.12,0.32,0.498184,0,1.654572,0,-0.426697,0,0,1.77985003,-3.223112,-2.230821,-1.188295
02-19-19 035,0,0,0.04,0.12,0.498184,0,1.654572,0,-0.426697,0,0,1.77985003,-3.223112,-2.230821,-1.188295
02-19-19 084,0,0,0,0.04,0.498184,0,1.654572,0,-0.426697,0,0,1.77985003,-3.223112,-2.230821,-1.188295
02-19-19 146,0,0,0,0,0.179214,0.31897,0.584412,1.07016,-0.021591,0.405106,1.187895264,0.61165449,-1.001014,-2.450303,-0.563341
02-19-19 194,0,0,0,0,0.179214,0,0.584412,0,-0.021591,0,0,0.61165449,-1.001014,-2.450303,-0.563341
02-19-19 241,0,0,0,0,0.179214,0,0.584412,0,-0.021591,0,0,0.61165449,-1.001014,-2.450303,-0.563341
02-19-19 308,0,0,0,0,0.179214,0,0.584412,0,-0.021591,0,0,0.61165449,1.454803,0.085483,0.009157
02-19-19 348,0,0,0,0,-0.365997,0.545211,1.251434,0.667022,0.676514,0.698105,1.108839021,1.468915264,1.454803,0.085483,0.009157
02-19-19 400,0,0,0,0,-0.365997,0,1.251434,0,0.676514,0,0,1.468915264,1.454803,0.085483,0.009157
02-19-19 447,0,0,0,0,-0.365997,0,1.251434,0,0.676514,0,0,1.468915264,1.454803,0.085483,0.009157
02-19-19 505,0,0,0,0,-0.365997,0,1.251434,0,0.676514,0,0,1.468915264,1.64654,0.385525,0.728369
02-19-19 587,0,0,0,0,-0.543701,0.177704,1.253754,0.00232,0.548843,0.127671,0.218824081,1.472663746,1.64654,0.385525,0.728369
02-19-19 616,0,0,0,0,-0.543701,0,1.253754,0,0.548843,0,0,1.472663746,1.64654,0.385525,0.728369
02-19-19 653,0,0,0,0,-0.543701,0,1.253754,0,0.548843,0,0,1.472663746,1.64654,0.385525,0.728369
02-19-19 711,0,0,0,0,-0.543701,0,1.253754,0,0.548843,0,0,1.472663746,0.871151,1.136002,-0.175083
02-19-19 758,0,0,0,0,-0.065414,0.478287,0.933594,0.32016,-0.133835,0.682678,0.892922243,0.945403911,0.871151,1.136002,-0.175083
02-19-19 810,0,0,0,0,-0.065414,0,0.933594,0,-0.133835,0,0,0.945403911,0.871151,1.136002,-0.175083
02-19-19 883,0,0,0,0,-0.065414,0,0.933594,0,-0.133835,0,0,0.945403911,0.871151,1.136002,-0.175083
02-19-19 914,0,0,0,0,-0.065414,0,0.933594,0,-0.133835,0,0,0.945403911,0.02109,0.273994,0.492283
02-19-19 970,0,0,0,0,-0.376785,0.311371,1.204285,0.270691,0.070557,0.204392,0.460436322,1.263822609,0.02109,0.273994,0.492283
02-19-20 026,0,0,0.44,0.72,-0.376785,0,1.204285,0,0.070557,0,0,1.263822609,0.02109,0.273994,0.492283
02-19-20 171,1.6,0,0.4,1.04,-0.458389,0.081604,1.191422,0.012863,-0.531204,0.601761,0.607405113,1.382672972,-2.455068,1.156821,-0.840117
02-19-20 180,1.6,0,0.24,0.64,-0.458389,0,1.191422,0,-0.531204,0,0,1.382672972,-2.455068,1.156821,-0.840117
02-19-20 187,0,0,0.04,0.36,-0.458389,0,1.191422,0,-0.531204,0,0,1.382672972,-2.455068,1.156821,-0.840117
02-19-20 223,0.08,0,0.04,0.08,-0.458389,0,1.191422,0,-0.531204,0,0,1.382672972,-2.455068,1.156821,-0.840117
02-19-20 291,0,0,0,0,-0.458389,0,1.191422,0,-0.531204,0,0,1.382672972,-2.455068,1.156821,-0.840117
02-19-20 327,0,0,0,0,-0.458389,0,1.191422,0,-0.531204,0,0,1.382672972,0.613166,-0.814952,-0.25044
02-19-20 375,0,0,0,0,0.033112,0.491501,0.622101,0.569321,0.141159,0.672363,1.008846687,0.638773764,0.613166,-0.814952,-0.25044
02-19-20 436,0,0,0,0,0.033112,0,0.622101,0,0.141159,0,0,0.638773764,0.613166,-0.814952,-0.25044
02-19-20 490,0,0,0,0,0.033112,0,0.622101,0,0.141159,0,0,0.638773764,0.613166,-0.814952,-0.25044
02-19-20 529,0,0,0,0,0.033112,0,0.622101,0,0.141159,0,0,0.638773764,0.937776,-0.315827,-0.356326
02-19-20 578,0,0,0,0,0.385666,0.352554,1.585464,0.963363,-0.464005,0.605164,1.191044105,1.696388811,0.937776,-0.315827,-0.356326
02-19-20 645,0,0,0,0,0.385666,0,1.585464,0,-0.464005,0,0,1.696388811,0.937776,-0.315827,-0.356326
02-19-20 686,0,0,0,0,0.385666,0,1.585464,0,-0.464005,0,0,1.696388811,0.937776,-0.315827,-0.356326
02-19-20 734,0,0,0,0,0.012634,0.373032,1.027542,0.557922,-0.127838,0.336167,0.750625128,1.035540793,1.166364,1.18678,-0.372825
02-19-20 784,0,0,0,0,0.012634,0,1.027542,0,-0.127838,0,0,1.035540793,1.166364,1.18678,-0.372825
02-19-20 842,0,0,0,0,0.012634,0,1.027542,0,-0.127838,0,0,1.035540793,1.166364,1.18678,-0.372825
02-19-20 892,0,0,0,0,0.012634,0,1.027542,0,-0.127838,0,0,1.035540793,1.166364,1.18678,-0.372825
02-19-20 939,0,0,0,0,-0.099808,0.112442,0.94603,0.081512,-0.189484,0.061646,0.151946171,0.969968342,0.307383,0.94686,-0.113132
02-19-21 002,0,0,0,0,-0.099808,0,0.94603,0,-0.189484,0,0,0.969968342,0.307383,0.94686,-0.113132
02-19-21 048,0,0,0,0,-0.099808,0,0.94603,0,-0.189484,0,0,0.969968342,0.307383,0.94686,-0.113132
02-19-21 098,0,0,0,0,-0.099808,0,0.94603,0,-0.189484,0,0,0.969968342,0.307383,0.94686,-0.113132
02-19-21 145,0,0,0,0.12,-0.356781,0.256973,1.458649,0.512619,0.520691,0.710175,0.912777022,1.5893611,-0.16181,1.053382,-0.025813
02-19-21 204,0,0,0.12,0.24,-0.356781,0,1.458649,0,0.520691,0,0,1.5893611,-0.16181,1.053382,-0.025813
02-19-21 254,0,0,0.08,0.68,-0.356781,0,1.458649,0,0.520691,0,0,1.5893611,-0.16181,1.053382,-0.025813
02-19-21 306,0,0,0.04,0.52,-0.356781,0,1.458649,0,0.520691,0,0,1.5893611,-1.37131,1.80556,0.205425
02-19-21 350,0,0,0,0.36,0.006836,0.363617,0.73555,0.723099,-0.277924,0.798615,1.137046791,0.786334714,-1.37131,1.80556,0.205425
02-19-21 422,0,0,0,0.28,0.006836,0,0.73555,0,-0.277924,0,0,0.786334714,-1.37131,1.80556,0.205425
02-19-21 464,0,0,0,0.24,0.006836,0,0.73555,0,-0.277924,0,0,0.786334714,-1.37131,1.80556,0.205425
02-19-21 506,0,0,0,0.08,0.006836,0,0.73555,0,-0.277924,0,0,0.786334714,0.744758,1.633996,-0.600157
02-19-21 564,0,0,0,0,0.302612,0.295776,0.828857,0.093307,-0.163223,0.114701,0.330675003,0.897340346,0.744758,1.633996,-0.600157
02-19-21 621,0,0,0,0,0.302612,0,0.828857,0,-0.163223,0,0,0.897340346,0.744758,1.633996,-0.600157
02-19-21 664,0,0,0,0,0.302612,0,0.828857,0,-0.163223,0,0,0.897340346,0.744758,1.633996,-0.600157
02-19-21 713,0,0,0,0,0.302612,0,0.828857,0,-0.163223,0,0,0.897340346,0.475879,1.787571,0.154868
02-19-21 769,0,0,0,0,-0.270111,0.572723,1.06424,0.235383,-0.224518,0.061295,0.62223297,1.120702932,0.475879,1.787571,0.154868
02-19-21 820,0,0,0,0,-0.270111,0,1.06424,0,-0.224518,0,0,1.120702932,0.475879,1.787571,0.154868
02-19-21 867,0,0,0,0,-0.270111,0,1.06424,0,-0.224518,0,0,1.120702932,0.475879,1.787571,0.154868
02-19-21 916,0,0,0,0,-0.270111,0,1.06424,0,-0.224518,0,0,1.120702932,-0.067051,1.156489,0.074879
02-19-21 974,0,0,0,0,-0.244598,0.025513,1.019028,0.045212,-0.089966,0.134552,0.144219551,1.051827043,-0.067051,1.156489,0.074879
02-19-22 026,0,0,0,0,-0.244598,0,1.019028,0,-0.089966,0,0,1.051827043,-0.067051,1.156489,0.074879
02-19-22 072,0,0,0,0,-0.244598,0,1.019028,0,-0.089966,0,0,1.051827043,-0.067051,1.156489,0.074879
02-19-22 131,0,0,0.16,0.08,-0.244598,0,1.019028,0,-0.089966,0,0,1.051827043,-1.565346,2.355635,-0.216565
02-19-22 182,0,0,0.36,0.08,0.467529,0.712127,1.141678,0.12265,0.211349,0.301315,0.782916736,1.251671052,-1.565346,2.355635,-0.216565
02-19-22 232,0,0,0.36,0.12,0.467529,0,1.141678,0,0.211349,0,0,1.251671052,-1.565346,2.355635,-0.216565
02-19-22 366,0,0,0.4,0.12,0.150421,0.317108,0.991211,0.150467,0.071335,0.140014,0.377891151,1.005094227,0.04602,1.856682,0.255587
02-19-22 370,0,0,0.4,0.12,0.150421,0,0.991211,0,0.071335,0,0,1.005094227,0.04602,1.856682,0.255587
02-19-22 398,0,0,0.32,0.12,0.150421,0,0.991211,0,0.071335,0,0,1.005094227,0.04602,1.856682,0.255587
02-19-22 541,0,0,0.32,0.12,0.150421,0,0.991211,0,0.071335,0,0,1.005094227,0.21241,1.79825,0.247307
02-19-22 620,0,0,0.32,0.16,-0.242004,0.392425,0.945969,0.045242,0.015305,0.05603,0.39897817,0.976553904,0.21241,1.79825,0.247307
02-19-22 628,0,0,0.32,0.16,-0.242004,0,0.945969,0,0.015305,0,0,0.976553904,0.21241,1.79825,0.247307
02-19-22 635,0,0,0.32,0.2,-0.242004,0,0.945969,0,0.015305,0,0,0.976553904,0.21241,1.79825,0.247307
02-19-22 781,0,0,0.24,0.08,-0.163818,0.078186,1.023468,0.077499,0.012589,0.002716,0.11012049,1.036572027,0.034005,1.022997,-0.164864
02-19-22 795,2.4,0,0,0.04,-0.163818,0,1.023468,0,0.012589,0,0,1.036572027,0.034005,1.022997,-0.164864
02-19-22 800,0,0,0,0,-0.163818,0,1.023468,0,0.012589,0,0,1.036572027,0.034005,1.022997,-0.164864
02-19-22 803,0,0,0,0,-0.163818,0,1.023468,0,0.012589,0,0,1.036572027,0.034005,1.022997,-0.164864
02-19-22 845,0.04,0,0,0,-0.163818,0,1.023468,0,0.012589,0,0,1.036572027,0.034005,1.022997,-0.164864
02-19-22 905,0,0,0,0,-0.163818,0,1.023468,0,0.012589,0,0,1.036572027,0.034005,1.022997,-0.164864
02-19-22 951,0,0,0,0,-0.163818,0,1.023468,0,0.012589,0,0,1.036572027,0.250958,0.600859,-0.355581
02-19-23 000,0,0,0,0,-0.143311,0.020507,1.021484,0.001984,-0.057449,0.070038,0.073005443,1.033086634,0.250958,0.600859,-0.355581
02-19-23 049,0,0,0,0,-0.143311,0,1.021484,0,-0.057449,0,0,1.033086634,0.250958,0.600859,-0.355581
02-19-23 109,0,0,0,0,-0.143311,0,1.021484,0,-0.057449,0,0,1.033086634,0.250958,0.600859,-0.355581
02-19-23 159,0,0,0,0,-0.164291,0.02098,1.029434,0.00795,-0.0737,0.016251,0.027703031,1.045063435,0.160717,0.875419,-0.179735
02-19-23 206,0,0,0,0,-0.164291,0,1.029434,0,-0.0737,0,0,1.045063435,0.160717,0.875419,-0.179735
02-19-23 263,0,0,0,0,-0.164291,0,1.029434,0,-0.0737,0,0,1.045063435,0.160717,0.875419,-0.179735
02-19-23 313,0,0,0,0,-0.164291,0,1.029434,0,-0.0737,0,0,1.045063435,0.160717,0.875419,-0.179735
02-19-23 363,0,0,0,0,-0.139297,0.024994,0.994003,0.035431,-0.084076,0.010376,0.044583822,1.007231052,0.104102,0.42271,-0.115195
02-19-23 411,0,0,0,0,-0.139297,0,0.994003,0,-0.084076,0,0,1.007231052,0.104102,0.42271,-0.115195
02-19-23 474,0,0,0,0,-0.139297,0,0.994003,0,-0.084076,0,0,1.007231052,0.104102,0.42271,-0.115195
02-19-23 519,0,0,0,0,-0.139297,0,0.994003,0,-0.084076,0,0,1.007231052,0.296459,0.60996,0.116062
02-19-23 567,0,0,0,0,-0.152679,0.013382,1.005936,0.011933,-0.056656,0.02742,0.032761728,1.019032882,0.296459,0.60996,0.116062
02-19-23 616,0,0,0,0,-0.152679,0,1.005936,0,-0.056656,0,0,1.019032882,0.296459,0.60996,0.116062
02-19-23 676,0,0,0,0,-0.152679,0,1.005936,0,-0.056656,0,0,1.019032882,0.296459,0.60996,0.116062
02-19-23 722,0,0,0,0,-0.152679,0,1.005936,0,-0.056656,0,0,1.019032882,-0.682416,0.359502,0.072563
02-19-23 773,0,0,0.2,0.04,0.173004,0.325683,1.095154,0.089218,0.407578,0.464234,0.574057902,1.181275791,-0.682416,0.359502,0.072563
02-19-23 822,0,0,0.32,0.12,0.173004,0,1.095154,0,0.407578,0,0,1.181275791,-0.682416,0.359502,0.072563
02-19-23 881,0,0,0.44,0.16,0.173004,0,1.095154,0,0.407578,0,0,1.181275791,-0.682416,0.359502,0.072563
02-19-23 929,0,0,0.32,0.12,0.173004,0,1.095154,0,0.407578,0,0,1.181275791,-1.613684,1.154039,-0.680461
02-19-23 986,0,0,0.16,0.12,-0.07605,0.249054,0.938309,0.156845,-0.062607,0.470185,0.554709098,0.94346543,-1.613684,1.154039,-0.680461
02-19-24 038,0,0,0,0.04,-0.07605,0,0.938309,0,-0.062607,0,0,0.94346543,-1.613684,1.154039,-0.680461
02-19-24 084,0,0,0,0,-0.07605,0,0.938309,0,-0.062607,0,0,0.94346543,-1.613684,1.154039,-0.680461
02-19-24 134,0,0,0,0,-0.07605,0,0.938309,0,-0.062607,0,0,0.94346543,0.252423,-0.280762,0.191265
02-19-24 185,0,0,0,0,-0.09967,0.02362,0.787445,0.150864,0.187073,0.24968,0.2926738,0.815475349,0.252423,-0.280762,0.191265
02-19-24 241,0,0,0,0,-0.09967,0,0.787445,0,0.187073,0,0,0.815475349,0.252423,-0.280762,0.191265
02-19-24 292,0,0,0,0,-0.09967,0,0.787445,0,0.187073,0,0,0.815475349,0.252423,-0.280762,0.191265
02-19-24 339,0,0,0,0,-0.09967,0,0.787445,0,0.187073,0,0,0.815475349,0.674547,0.831064,-0.147654
02-19-24 524,0,0,0,0,0.258621,0.358291,0.145828,0.641617,-0.283386,0.470459,0.8725689,0.41043666,0.54734,1.060485,-0.044207
02-19-24 528,0,0,0,0,0.258621,0,0.145828,0,-0.283386,0,0,0.41043666,0.54734,1.060485,-0.044207
02-19-24 530,0,0,0,0,0.258621,0,0.145828,0,-0.283386,0,0,0.41043666,0.54734,1.060485,-0.044207
02-19-24 543,0.04,0,0,0,0.258621,0,0.145828,0,-0.283386,0,0,0.41043666,0.54734,1.060485,-0.044207
02-19-24 602,0,0,0,0,-0.297745,0.556366,0.98143,0.835602,-0.025818,0.257568,1.036395245,1.025925679,0.54734,1.060485,-0.044207
02-19-24 658,0,0,0,0,-0.297745,0,0.98143,0,-0.025818,0,0,1.025925679,0.54734,1.060485,-0.044207
02-19-24 699,0,0,0,0,-0.297745,0,0.98143,0,-0.025818,0,0,1.025925679,0.54734,1.060485,-0.044207
02-19-24 750,0,0,0,0,-0.297745,0,0.98143,0,-0.025818,0,0,1.025925679,0.680693,1.104308,-0.194763
02-19-24 806,0,0,0,0,-0.109741,0.188004,1.00679,0.02536,-0.071594,0.045776,0.195151418,1.015280696,0.680693,1.104308,-0.194763
02-19-24 855,0,0,0,0,-0.109741,0,1.00679,0,-0.071594,0,0,1.015280696,0.680693,1.104308,-0.194763
02-19-24 907,0,0,0,0,-0.109741,0,1.00679,0,-0.071594,0,0,1.015280696,0.680693,1.104308,-0.194763
02-19-24 961,0,0,0.12,0.12,-0.109741,0,1.00679,0,-0.071594,0,0,1.015280696,-0.01567,0.296583,0.010605
02-19-25 016,0,0,0.6,0.24,-0.721008,0.611267,1.600647,0.593857,-0.149399,0.077805,0.855784494,1.761886323,-0.01567,0.296583,0.010605
02-19-25 063,0,0,0.32,0.4,-0.721008,0,1.600647,0,-0.149399,0,0,1.761886323,-0.01567,0.296583,0.010605
02-19-25 114,0,0,0.12,0.28,-0.721008,0,1.600647,0,-0.149399,0,0,1.761886323,-0.01567,0.296583,0.010605
02-19-25 532,0,0,0.04,0.12,-0.092239,0.628769,1.162354,0.438293,0.523407,0.672806,1.019862306,1.27809614,0.20961,0.300774,0.038817
02-19-25 587,0,0,0.04,0.12,-0.055298,0.036941,0.529251,0.633103,-0.786392,1.309799,1.455251685,0.949514016,0.20961,0.300774,0.038817
02-19-25 591,0,0,0,0.04,-0.055298,0,0.529251,0,-0.786392,0,0,0.949514016,0.20961,0.300774,0.038817
02-19-25 595,0.16,0,0,0,-0.055298,0,0.529251,0,-0.786392,0,0,0.949514016,0.20961,0.300774,0.038817
02-19-25 599,0.2,0,0,0,-0.055298,0,0.529251,0,-0.786392,0,0,0.949514016,0.20961,0.300774,0.038817
02-19-25 602,0.36,0,0,0,-0.055298,0,0.529251,0,-0.786392,0,0,0.949514016,0.20961,0.300774,0.038817
02-19-25 605,0.28,0,0,0,-0.055298,0,0.529251,0,-0.786392,0,0,0.949514016,0.20961,0.300774,0.038817
02-19-25 608,0.04,0,0,0,-0.055298,0,0.529251,0,-0.786392,0,0,0.949514016,0.20961,0.300774,0.038817
02-19-25 627,0,0,0,0,-0.055298,0,0.529251,0,-0.786392,0,0,0.949514016,0.20961,0.300774,0.038817
02-19-25 631,0,0,0,0,-0.055298,0,0.529251,0,-0.786392,0,0,0.949514016,0.20961,0.300774,0.038817
02-19-25 679,0,0,0,0,-0.055298,0,0.529251,0,-0.786392,0,0,0.949514016,0.20961,0.300774,0.038817
02-19-25 734,0,0,0,0,-0.055298,0,0.529251,0,-0.786392,0,0,0.949514016,0.524125,-0.244914,0.131142
02-19-25 783,0,0,0,0,-0.284195,0.228897,0.906479,0.377228,-0.089539,0.696853,0.824802343,0.954195058,0.524125,-0.244914,0.131142
02-19-25 832,0,0,0,0,-0.284195,0,0.906479,0,-0.089539,0,0,0.954195058,0.524125,-0.244914,0.131142
02-19-25 881,0,0,0,0,-0.284195,0,0.906479,0,-0.089539,0,0,0.954195058,0.524125,-0.244914,0.131142
02-19-25 942,0,0,0,0,-0.284195,0,0.906479,0,-0.089539,0,0,0.954195058,0.964083,0.230603,0.442612
02-19-25 989,0,0,0,0,-0.219254,0.064941,1.134964,0.228485,0.006454,0.095993,0.256197941,1.155965939,0.964083,0.230603,0.442612
02-19-26 042,0,0,0,0,-0.219254,0,1.134964,0,0.006454,0,0,1.155965939,0.964083,0.230603,0.442612
02-19-26 087,0,0,0,0,-0.219254,0,1.134964,0,0.006454,0,0,1.155965939,0.964083,0.230603,0.442612
02-19-26 145,0,0,0.24,0.56,-0.219254,0,1.134964,0,0.006454,0,0,1.155965939,-1.509245,-0.308109,-0.067896
02-19-26 205,0,0,0.56,0.44,-0.025208,0.194046,1.142746,0.007782,-0.278229,0.284683,0.344614016,1.176399269,-1.509245,-0.308109,-0.067896
02-19-26 252,1.6,0,0.52,0.52,-0.025208,0,1.142746,0,-0.278229,0,0,1.176399269,-1.509245,-0.308109,-0.067896
02-19-26 301,1.6,0,0.4,0.24,-0.025208,0,1.142746,0,-0.278229,0,0,1.176399269,-1.509245,-0.308109,-0.067896
02-19-26 355,0,0,0.24,0.24,-0.025208,0,1.142746,0,-0.278229,0,0,1.176399269,-1.790382,-0.743429,-1.025727
02-19-26 398,0,0,0.08,0.36,0.169449,0.194657,0.598236,0.54451,-0.188049,0.09018,0.585247743,0.649585792,-1.790382,-0.743429,-1.025727
02-19-26 448,0,0,0,0.28,0.169449,0,0.598236,0,-0.188049,0,0,0.649585792,-1.790382,-0.743429,-1.025727
02-19-26 506,0,0,0.04,0.04,0.169449,0,0.598236,0,-0.188049,0,0,0.649585792,-1.790382,-0.743429,-1.025727
02-19-26 558,0,0,0,0,0.169449,0,0.598236,0,-0.188049,0,0,0.649585792,1.119984,-0.105775,0.159741
02-19-26 607,0,0,0,0,-0.4189,0.588349,1.36055,0.762314,0.612885,0.800934,1.252506468,1.549903718,1.119984,-0.105775,0.159741
02-19-26 678,0,0,0,0,-0.4189,0,1.36055,0,0.612885,0,0,1.549903718,1.119984,-0.105775,0.159741
02-19-26 711,0,0,0,0,-0.4189,0,1.36055,0,0.612885,0,0,1.549903718,1.119984,-0.105775,0.159741
02-19-26 760,0,0,0,0,-0.4189,0,1.36055,0,0.612885,0,0,1.549903718,0.863111,1.172803,0.504639
02-19-26 810,0,0,0,0,-0.593384,0.174484,1.383804,0.023254,0.152725,0.46016,0.492679044,1.513387924,0.863111,1.172803,0.504639
02-19-26 869,0,0,0,0,-0.593384,0,1.383804,0,0.152725,0,0,1.513387924,0.863111,1.172803,0.504639
02-19-26 916,0,0,0,0,-0.593384,0,1.383804,0,0.152725,0,0,1.513387924,0.863111,1.172803,0.504639
02-19-26 964,0,0,0,0,-0.593384,0,1.383804,0,0.152725,0,0,1.513387924,0.565672,0.919809,0.034896
02-19-27 013,0,0,0,0,-0.071671,0.521713,1.014633,0.369171,-0.165024,0.317749,0.713747931,1.030460954,0.565672,0.919809,0.034896
02-19-27 072,0,0,0,0,-0.071671,0,1.014633,0,-0.165024,0,0,1.030460954,0.565672,0.919809,0.034896
02-19-27 122,0,0,0,0,-0.071671,0,1.014633,0,-0.165024,0,0,1.030460954,0.565672,0.919809,0.034896
02-19-27 170,0,0,0,0,-0.071671,0,1.014633,0,-0.165024,0,0,1.030460954,0.600631,0.502087,0.204814
02-19-27 229,0,0,0,0,-0.150696,0.079025,1.123581,0.108948,-0.108536,0.056488,0.145964076,1.13882554,0.600631,0.502087,0.204814
02-19-27 280,0,0,0,0,-0.150696,0,1.123581,0,-0.108536,0,0,1.13882554,0.600631,0.502087,0.204814
02-19-27 327,0,0,0.48,0.48,-0.150696,0,1.123581,0,-0.108536,0,0,1.13882554,0.600631,0.502087,0.204814
02-19-27 384,1.6,0,0.32,0.64,-0.150696,0,1.123581,0,-0.108536,0,0,1.13882554,-2.424472,-1.357906,-0.387325
02-19-27 433,0,0,0.28,0.76,0.219559,0.370255,1.412827,0.289246,-0.35553,0.246994,0.530808864,1.473325445,-2.424472,-1.357906,-0.387325
02-19-27 482,0,0,0.12,0.8,0.219559,0,1.412827,0,-0.35553,0,0,1.473325445,-2.424472,-1.357906,-0.387325
02-19-27 535,0,0,0.04,0.52,0.219559,0,1.412827,0,-0.35553,0,0,1.473325445,-1.341864,-1.860157,-1.038382
02-19-27 589,0,0,0,0.12,0.219559,0,1.412827,0,-0.35553,0,0,1.473325445,-1.341864,-1.860157,-1.038382
02-19-27 639,0,0,0,0,0.185043,0.034516,0.465988,0.946839,0.009384,0.364914,1.015311614,0.501471622,-1.341864,-1.860157,-1.038382
02-19-27 689,0,0,0,0,0.185043,0,0.465988,0,0.009384,0,0,0.501471622,-1.341864,-1.860157,-1.038382
02-19-27 736,0,0,0,0,0.185043,0,0.465988,0,0.009384,0,0,0.501471622,1.417219,0.102402,0.093096
02-19-27 791,0,0,0,0,0.185043,0,0.465988,0,0.009384,0,0,0.501471622,1.417219,0.102402,0.093096
02-19-27 843,0,0,0,0,0.217056,0.032013,0.944855,0.478867,0.123047,0.113663,0.493211631,0.977243492,1.417219,0.102402,0.093096
02-19-27 894,0,0,0,0,0.217056,0,0.944855,0,0.123047,0,0,0.977243492,1.417219,0.102402,0.093096
02-19-27 944,0,0,0,0,0.217056,0,0.944855,0,0.123047,0,0,0.977243492,1.979357,-1.726736,0.271302
02-19-28 001,0,0,0,0,-0.257858,0.474914,1.003052,0.058197,0.272476,0.149429,0.501257643,1.070909536,1.979357,-1.726736,0.271302
02-19-28 049,0,0,0,0,-0.257858,0,1.003052,0,0.272476,0,0,1.070909536,1.979357,-1.726736,0.271302
02-19-28 097,0,0,0,0,-0.257858,0,1.003052,0,0.272476,0,0,1.070909536,1.979357,-1.726736,0.271302
02-19-28 156,0,0,0,0,-0.257858,0,1.003052,0,0.272476,0,0,1.070909536,0.24047,2.363595,0.06159
02-19-28 205,0,0,0,0,-0.067245,0.190613,0.983887,0.019165,-0.104584,0.37706,0.422935996,0.991712323,0.24047,2.363595,0.06159
02-19-28 262,0,0,0,0,-0.067245,0,0.983887,0,-0.104584,0,0,0.991712323,0.24047,2.363595,0.06159
02-19-28 304,0,0,0,0,-0.067245,0,0.983887,0,-0.104584,0,0,0.991712323,0.24047,2.363595,0.06159
02-19-28 365,0,0,0,0,-0.067245,0,0.983887,0,-0.104584,0,0,0.991712323,0.073863,0.23253,0.248942
02-19-28 410,0,0,0,0,-0.104294,0.037049,1.011322,0.027435,0.482849,0.587433,0.589239202,1.125518806,0.073863,0.23253,0.248942
02-19-28 459,0,0,0.36,0.44,-0.104294,0,1.011322,0,0.482849,0,0,1.125518806,0.073863,0.23253,0.248942
02-19-28 518,0,0,0.32,0.96,-0.104294,0,1.011322,0,0.482849,0,0,1.125518806,0.073863,0.23253,0.248942
02-19-28 566,0,0,0.16,0.84,-0.104294,0,1.011322,0,0.482849,0,0,1.125518806,-2.212055,2.226649,-0.810557
02-19-28 616,0,0,0.16,0.64,-0.069641,0.034653,1.015427,0.004105,-0.417038,0.899887,0.90056332,1.099937523,-2.212055,2.226649,-0.810557
02-19-28 669,0,0,0.08,0.6,-0.069641,0,1.015427,0,-0.417038,0,0,1.099937523,-2.212055,2.226649,-0.810557
02-19-28 723,0,0,0,0.2,-0.069641,0,1.015427,0,-0.417038,0,0,1.099937523,-2.212055,2.226649,-0.810557
02-19-28 773,0,0,0,0,-0.069641,0,1.015427,0,-0.417038,0,0,1.099937523,0.925408,-0.129148,0.257075
02-19-28 821,0,0,0,0,-0.429611,0.35997,1.206177,0.19075,0.707108,1.124146,1.195687331,1.462679148,0.925408,-0.129148,0.257075
02-19-28 872,0,0,0,0,-0.429611,0,1.206177,0,0.707108,0,0,1.462679148,0.925408,-0.129148,0.257075
02-19-28 930,0,0,0,0,-0.429611,0,1.206177,0,0.707108,0,0,1.462679148,0.925408,-0.129148,0.257075
02-19-28 977,0,0,0,0,-0.429611,0,1.206177,0,0.707108,0,0,1.462679148,3.712236,-5.822663,0.411337
02-19-29 027,0,0,0,0,0.095856,0.525467,1.009308,0.196869,0.324066,0.383042,0.679407201,1.064382349,3.712236,-5.822663,0.411337
02-19-29 074,0,0,0,0,0.095856,0,1.009308,0,0.324066,0,0,1.064382349,3.712236,-5.822663,0.411337
02-19-29 133,0,0,0,0,0.095856,0,1.009308,0,0.324066,0,0,1.064382349,3.712236,-5.822663,0.411337
02-19-29 187,0,0,0,0,0.095856,0,1.009308,0,0.324066,0,0,1.064382349,1.294548,0.588879,-0.574345
02-19-29 230,0,0,0,0,0.132263,0.036407,0.958557,0.050751,-0.505722,0.829788,0.832135361,1.091824054,1.294548,0.588879,-0.574345
02-19-29 289,0,0,0,0,0.132263,0,0.958557,0,-0.505722,0,0,1.091824054,1.294548,0.588879,-0.574345
02-19-29 341,0,0,0,0,0.132263,0,0.958557,0,-0.505722,0,0,1.091824054,1.294548,0.588879,-0.574345
02-19-29 390,0,0,0,0,0.132263,0,0.958557,0,-0.505722,0,0,1.091824054,1.702368,1.427579,1.200755
02-19-29 438,0,0,0,0,-0.020554,0.152817,0.633347,0.32521,-0.479813,0.025909,0.360258041,0.79484049,1.702368,1.427579,1.200755
02-19-29 495,0,0,0,0,-0.020554,0,0.633347,0,-0.479813,0,0,0.79484049,1.702368,1.427579,1.200755
02-19-29 544,0,0,0,0,-0.020554,0,0.633347,0,-0.479813,0,0,0.79484049,5.190413,-3.854692,1.527617
02-19-29 596,0,0,0,0,-0.020554,0,0.633347,0,-0.479813,0,0,0.79484049,5.190413,-3.854692,1.527617
02-19-29 654,0,0,0,0,0.31749,0.338044,0.171127,0.46222,-1.986176,1.506363,1.611536708,2.018657835,5.190413,-3.854692,1.527617
02-19-29 702,0,0,0,0,0.31749,0,0.171127,0,-1.986176,0,0,2.018657835,5.190413,-3.854692,1.527617
02-19-29 749,0,0,0,0,0.31749,0,0.171127,0,-1.986176,0,0,2.018657835,-0.281894,-1.323245,-1.45909
02-19-29 802,0,0,0,0,0.31749,0,0.171127,0,-1.986176,0,0,2.018657835,-0.281894,-1.323245,-1.45909
02-19-29 857,0,0,0,0,0.303543,0.013947,-0.736328,0.907455,-0.277527,1.708649,1.934722332,0.843408864,-0.281894,-1.323245,-1.45909
02-19-29 904,0,0,0,0,0.303543,0,-0.736328,0,-0.277527,0,0,0.843408864,-0.281894,-1.323245,-1.45909
02-19-29 953,0,0,0,0,0.303543,0,-0.736328,0,-0.277527,0,0,0.843408864,0.439012,-1.839431,0.07852
02-19-30 003,0,0,0,0,0.303543,0,-0.736328,0,-0.277527,0,0,0.843408864,0.439012,-1.839431,0.07852
02-19-30 060,0,0,0,0,-0.523529,0.827072,-0.348892,0.387436,-1.313553,1.036026,1.381124404,1.456444206,0.439012,-1.839431,0.07852
02-19-30 109,0,0,0,0,-0.523529,0,-0.348892,0,-1.313553,0,0,1.456444206,0.439012,-1.839431,0.07852
02-19-30 158,0,0,0,0,-0.523529,0,-0.348892,0,-1.313553,0,0,1.456444206,-0.692733,0.991613,0.12969
02-19-30 219,0,0,0,0,-0.523529,0,-0.348892,0,-1.313553,0,0,1.456444206,-0.692733,0.991613,0.12969
02-19-30 299,0,0,0,0,-0.426041,0.097488,-0.163956,0.184936,-0.940842,0.372711,0.42733912,1.045741924,-0.692733,0.991613,0.12969
02-19-30 308,0,0,0,0,-0.426041,0,-0.163956,0,-0.940842,0,0,1.045741924,-0.692733,0.991613,0.12969
02-19-30 363,0,0,0,0,-0.426041,0,-0.163956,0,-0.940842,0,0,1.045741924,-0.477299,0.703462,-0.019441
02-19-30 429,0,0,0,0,-0.205215,0.220826,-0.070038,0.093918,-1.010773,0.069931,0.249950111,1.033770078,-0.477299,0.703462,-0.019441
02-19-30 477,0,0,0,0,-0.205215,0,-0.070038,0,-1.010773,0,0,1.033770078,-0.477299,0.703462,-0.019441
02-19-30 520,0,0,0,0,-0.205215,0,-0.070038,0,-1.010773,0,0,1.033770078,-0.477299,0.703462,-0.019441
02-19-30 631,0,0,0,0,-0.188736,0.016479,-0.073196,0.003158,-0.957413,0.05336,0.055935856,0.978579882,0.035358,0.003157,-0.003805
02-19-30 639,0,0,0,0,-0.188736,0,-0.073196,0,-0.957413,0,0,0.978579882,0.035358,0.003157,-0.003805
02-19-30 677,0,0,0,0,-0.188736,0,-0.073196,0,-0.957413,0,0,0.978579882,0.035358,0.003157,-0.003805
02-19-30 726,0,0,0,0,-0.188736,0,-0.073196,0,-0.957413,0,0,0.978579882,0.035358,0.003157,-0.003805
02-19-30 774,0,0,0,0,-0.188736,0,-0.073196,0,-0.957413,0,0,0.978579882,0.023188,-0.067814,-0.027415
02-19-30 833,0,0,0,0,-0.209213,0.020477,-0.0896,0.016404,-0.979172,0.021759,0.034085962,1.005274114,0.023188,-0.067814,-0.027415
02-19-30 882,0,0,0,0,-0.209213,0,-0.0896,0,-0.979172,0,0,1.005274114,0.023188,-0.067814,-0.027415
02-19-30 930,0,0,0,0,-0.209213,0,-0.0896,0,-0.979172,0,0,1.005274114,0.023188,-0.067814,-0.027415
02-19-31 046,0,0,0,0.6,-0.19751,0.011703,-0.072403,0.017197,-0.934616,0.044556,0.049172494,0.957997632,-0.14965,0.084883,0.008933
02-19-31 051,0,0,0,0,-0.19751,0,-0.072403,0,-0.934616,0,0,0.957997632,-0.14965,0.084883,0.008933
02-19-31 054,0,0,0,0,-0.19751,0,-0.072403,0,-0.934616,0,0,0.957997632,-0.14965,0.084883,0.008933
02-19-31 089,0,0,0,0,-0.19751,0,-0.072403,0,-0.934616,0,0,0.957997632,-0.14965,0.084883,0.008933
02-19-31 135,0,0,0,0,-0.19751,0,-0.072403,0,-0.934616,0,0,0.957997632,-0.14965,0.084883,0.008933
02-19-31 194,0,0,0,0,-0.19751,0,-0.072403,0,-0.934616,0,0,0.957997632,-0.005566,-0.000665,-0.02007
02-19-31 242,0,0,0,0,-0.206024,0.008514,-0.09111,0.018707,-0.980392,0.045776,0.050178504,1.005940055,-0.005566,-0.000665,-0.02007
02-19-31 291,0,0,0,0,-0.206024,0,-0.09111,0,-0.980392,0,0,1.005940055,-0.005566,-0.000665,-0.02007
02-19-31 340,0,0,0,0,-0.206024,0,-0.09111,0,-0.980392,0,0,1.005940055,-0.005566,-0.000665,-0.02007
02-19-31 400,0,0,0,0,-0.206024,0,-0.09111,0,-0.980392,0,0,1.005940055,-0.014822,0.027207,-0.009826
02-19-31 448,0,0,0,0,-0.201508,0.004516,-0.084641,0.006469,-1.010681,0.030289,0.031299612,1.034043353,-0.014822,0.027207,-0.009826
02-19-31 496,0,0,0,0,-0.201508,0,-0.084641,0,-1.010681,0,0,1.034043353,-0.014822,0.027207,-0.009826
02-19-31 555,0,0,0,0,-0.201508,0,-0.084641,0,-1.010681,0,0,1.034043353,-0.055628,0.053454,-0.012388
02-19-31 607,0,0,0,0,-0.201508,0,-0.084641,0,-1.010681,0,0,1.034043353,-0.055628,0.053454,-0.012388
02-19-31 654,0,0,0,0,-0.213089,0.011581,-0.081223,0.003418,-0.925446,0.085235,0.086086047,0.953128741,-0.055628,0.053454,-0.012388
02-19-31 701,0,0,0,0,-0.213089,0,-0.081223,0,-0.925446,0,0,0.953128741,-0.055628,0.053454,-0.012388
02-19-31 760,0,0,0,0,-0.213089,0,-0.081223,0,-0.925446,0,0,0.953128741,0.088744,0.089602,-0.048121
02-19-31 809,0,0,0,0,-0.213089,0,-0.081223,0,-0.925446,0,0,0.953128741,0.088744,0.089602,-0.048121
02-19-31 859,0,0,0,0,-0.193268,0.019821,-0.085419,0.004196,-0.992905,0.067459,0.070435752,1.015140022,0.088744,0.089602,-0.048121
02-19-31 907,0,0,0,0,-0.193268,0,-0.085419,0,-0.992905,0,0,1.015140022,0.088744,0.089602,-0.048121
02-19-31 970,0,0,0,0,-0.193268,0,-0.085419,0,-0.992905,0,0,1.015140022,-0.012845,0.193863,-0.017304
02-19-32 014,0,0,0,0,-0.193268,0,-0.085419,0,-0.992905,0,0,1.015140022,-0.012845,0.193863,-0.017304
02-19-32 064,0,0,0,0,-0.097748,0.09552,-0.082611,0.002808,-0.995239,0.002334,0.095589763,1.003434062,-0.012845,0.193863,-0.017304
02-19-32 111,0,0,0,0,-0.097748,0,-0.082611,0,-0.995239,0,0,1.003434062,-0.012845,0.193863,-0.017304
02-19-32 175,0,0,0,0,-0.097748,0,-0.082611,0,-0.995239,0,0,1.003434062,-0.162153,-0.054017,0.032579
02-19-32 221,0,0,0,0,-0.097748,0,-0.082611,0,-0.995239,0,0,1.003434062,-0.162153,-0.054017,0.032579
02-19-32 268,0,0,0,0,-0.220551,0.122803,-0.009308,0.073303,-1.024582,0.029343,0.145996295,1.04809239,-0.162153,-0.054017,0.032579
02-19-32 327,0,0,0,0,-0.220551,0,-0.009308,0,-1.024582,0,0,1.04809239,-0.162153,-0.054017,0.032579
02-19-32 376,0,0,0,0,-0.220551,0,-0.009308,0,-1.024582,0,0,1.04809239,0.013451,0.194784,0.029854
02-19-32 430,0,0,0,0,-0.220551,0,-0.009308,0,-1.024582,0,0,1.04809239,0.013451,0.194784,0.029854
02-19-32 473,0,0,0,0,-0.142349,0.078202,-0.037811,0.028503,-0.999023,0.025559,0.087070295,1.009821699,0.013451,0.194784,0.029854
02-19-32 531,0,0,0,0,-0.142349,0,-0.037811,0,-0.999023,0,0,1.009821699,0.013451,0.194784,0.029854
02-19-32 580,0,0,0,0,-0.142349,0,-0.037811,0,-0.999023,0,0,1.009821699,-0.116353,0.005473,0.002945
02-19-32 629,0,0,0,0,-0.142349,0,-0.037811,0,-0.999023,0,0,1.009821699,-0.116353,0.005473,0.002945
02-19-32 678,0,0,0,0,-0.156738,0.014389,-0.036453,0.001358,-0.964844,0.034179,0.037109184,0.978171542,-0.116353,0.005473,0.002945
02-19-32 743,0,0,0,0,-0.156738,0,-0.036453,0,-0.964844,0,0,0.978171542,-0.116353,0.005473,0.002945
02-19-32 802,0,0,0,0,-0.156738,0,-0.036453,0,-0.964844,0,0,0.978171542,-0.179658,0.209358,0.061486
02-19-32 837,0,0,0,0,-0.156738,0,-0.036453,0,-0.964844,0,0,0.978171542,-0.179658,0.209358,0.061486
02-19-32 922,0,0,0,0,-0.094833,0.061905,0.044205,0.080658,-0.98912,0.024276,0.104533565,0.994638504,-0.179658,0.209358,0.061486
02-19-32 947,0,0,0,0,-0.094833,0,0.044205,0,-0.98912,0,0,0.994638504,-0.179658,0.209358,0.061486
02-19-32 991,0,0,0,0,-0.094833,0,0.044205,0,-0.98912,0,0,0.994638504,-0.406404,0.189475,0.188525
02-19-33 045,0,0,0,0,-0.094833,0,0.044205,0,-0.98912,0,0,0.994638504,-0.406404,0.189475,0.188525
02-19-33 098,0,0,0,0,-0.123718,0.028885,0.138351,0.094146,-0.98761,0.00151,0.098489048,1.004898331,-0.406404,0.189475,0.188525
02-19-33 147,0,0,0,0,-0.123718,0,0.138351,0,-0.98761,0,0,1.004898331,-0.406404,0.189475,0.188525
02-19-33 196,0,0,0,0,-0.123718,0,0.138351,0,-0.98761,0,0,1.004898331,-1.938076,0.588549,0.62262
02-19-33 338,0,0,0,0,0.03093,0.154648,0.31543,0.177079,-0.97905,0.00856,0.235257837,1.029073201,-1.938076,0.588549,0.62262
02-19-33 342,0,0,0,0,0.03093,0,0.31543,0,-0.97905,0,0,1.029073201,-1.938076,0.588549,0.62262
02-19-33 352,0,0,0,0,0.03093,0,0.31543,0,-0.97905,0,0,1.029073201,-1.938076,0.588549,0.62262
02-19-33 401,0,0,0,0,0.03093,0,0.31543,0,-0.97905,0,0,1.029073201,-1.034641,0.489876,-0.009182
02-19-33 461,0,0,0,0,0.141983,0.111053,0.507172,0.191742,-0.874435,0.104615,0.245034817,1.020793407,-1.034641,0.489876,-0.009182
02-19-33 510,0,0,0,0,0.141983,0,0.507172,0,-0.874435,0,0,1.020793407,-1.034641,0.489876,-0.009182
02-19-33 557,0,0,0,0,0.141983,0,0.507172,0,-0.874435,0,0,1.020793407,-1.034641,0.489876,-0.009182
02-19-33 608,0,0,0,0,0.141983,0,0.507172,0,-0.874435,0,0,1.020793407,-0.946935,0.029232,0.13984
02-19-33 666,0,0,0,0,0.126648,0.015335,0.705917,0.198745,-0.691208,0.183227,0.270752416,0.996055734,-0.946935,0.029232,0.13984
02-19-33 717,0,0,0,0,0.126648,0,0.705917,0,-0.691208,0,0,0.996055734,-0.946935,0.029232,0.13984
02-19-33 762,0,0,0,0,0.126648,0,0.705917,0,-0.691208,0,0,0.996055734,-0.946935,0.029232,0.13984
02-19-33 812,0,0,0,0,0.126648,0,0.705917,0,-0.691208,0,0,0.996055734,-0.78774,0.13721,0.035407
02-19-33 869,0,0,0,0,0.158691,0.032043,0.795425,0.089508,-0.483978,0.20723,0.227997168,0.944520232,-0.78774,0.13721,0.035407
02-19-33 920,0,0,0,0,0.158691,0,0.795425,0,-0.483978,0,0,0.944520232,-0.78774,0.13721,0.035407
02-19-33 968,0,0,0,0,0.158691,0,0.795425,0,-0.483978,0,0,0.944520232,-0.974915,-0.297279,-0.177627
02-19-34 026,0,0.04,0,0,0.158691,0,0.795425,0,-0.483978,0,0,0.944520232,-0.974915,-0.297279,-0.177627
02-19-34 074,0,0,0,0,0.259995,0.101304,0.80571,0.010285,-0.562668,0.07869,0.128687209,1.016543793,-0.974915,-0.297279,-0.177627
02-19-34 123,0,0,0,0,0.259995,0,0.80571,0,-0.562668,0,0,1.016543793,-0.974915,-0.297279,-0.177627
02-19-34 172,0,0,0,0,0.259995,0,0.80571,0,-0.562668,0,0,1.016543793,-1.922383,0.31608,-0.703982
02-19-34 231,0,0,0,0,0.259995,0,0.80571,0,-0.562668,0,0,1.016543793,-1.922383,0.31608,-0.703982
02-19-34 279,0,0,0,0,-0.033493,0.293488,0.657104,0.148606,-0.100784,0.461884,0.567058885,0.665631176,-1.922383,0.31608,-0.703982
02-19-34 328,0,0,0,0,-0.033493,0,0.657104,0,-0.100784,0,0,0.665631176,-1.922383,0.31608,-0.703982
02-19-34 381,0,0,0,0,-0.033493,0,0.657104,0,-0.100784,0,0,0.665631176,-2.023652,-0.478212,-0.288118
02-19-34 436,0,0,0,0,-0.033493,0,0.657104,0,-0.100784,0,0,0.665631176,-2.023652,-0.478212,-0.288118
02-19-34 485,0,0,0,0,-0.103806,0.070313,1.178253,0.521149,0.581497,0.682281,0.861421825,1.318026775,-2.023652,-0.478212,-0.288118
02-19-34 533,0,0,0,0,-0.103806,0,1.178253,0,0.581497,0,0,1.318026775,-2.023652,-0.478212,-0.288118
02-19-34 582,0,0,0,0,-0.103806,0,1.178253,0,0.581497,0,0,1.318026775,-0.805316,0.068915,0.057924
02-19-34 648,0,0,0,0,-0.103806,0,1.178253,0,0.581497,0,0,1.318026775,-0.805316,0.068915,0.057924
02-19-34 691,0,0,0,0,-0.027328,0.076478,0.820389,0.357864,0.51947,0.062027,0.371164217,0.971408262,-0.805316,0.068915,0.057924
02-19-34 739,0,0,0,0,-0.027328,0,0.820389,0,0.51947,0,0,0.971408262,-0.805316,0.068915,0.057924
02-19-34 798,0,0,0,0,-0.027328,0,0.820389,0,0.51947,0,0,0.971408262,-0.24722,0.24458,0.269521
02-19-34 847,0,0,0,0,-0.027328,0,0.820389,0,0.51947,0,0,0.971408262,-0.24722,0.24458,0.269521
02-19-34 895,0,0,0,0,-0.102951,0.075623,1.091461,0.271072,0.409195,0.110275,0.302257246,1.170182281,-0.24722,0.24458,0.269521
02-19-34 944,0,0,0,0,-0.102951,0,1.091461,0,0.409195,0,0,1.170182281,-0.24722,0.24458,0.269521
02-19-35 004,0,0,0,0,-0.102951,0,1.091461,0,0.409195,0,0,1.170182281,0.315389,-0.394936,0.143085
02-19-35 051,0,0,0,0,-0.102951,0,1.091461,0,0.409195,0,0,1.170182281,0.315389,-0.394936,0.143085
02-19-35 100,0,0,0,0,-0.12915,0.026199,0.714966,0.376495,0.310883,0.098312,0.390000156,0.790255872,0.315389,-0.394936,0.143085
02-19-35 150,0,0,0,0,-0.12915,0,0.714966,0,0.310883,0,0,0.790255872,0.315389,-0.394936,0.143085
02-19-35 208,0,0,0,0,-0.12915,0,0.714966,0,0.310883,0,0,0.790255872,0.902745,1.502077,0.534502
02-19-35 263,0,0,0,0.04,-0.12915,0,0.714966,0,0.310883,0,0,0.790255872,0.902745,1.502077,0.534502
02-19-35 305,0,0,0,0.08,0.071259,0.200409,0.991776,0.27681,0.107422,0.203461,0.397723424,1.000118476,0.902745,1.502077,0.534502
02-19-35 364,0,0,0.04,0.16,0.071259,0,0.991776,0,0.107422,0,0,1.000118476,0.902745,1.502077,0.534502
02-19-35 414,0,0,0,0.12,0.071259,0,0.991776,0,0.107422,0,0,1.000118476,2.012228,-0.786472,-0.471913
02-19-35 465,0,0,0,0.12,0.071259,0,0.991776,0,0.107422,0,0,1.000118476,2.012228,-0.786472,-0.471913
02-19-35 511,0,0,0,0.12,-0.149567,0.220826,0.68187,0.309906,0.325958,0.218536,0.438820959,0.770432088,2.012228,-0.786472,-0.471913
02-19-35 569,0,0,0,0.08,-0.149567,0,0.68187,0,0.325958,0,0,0.770432088,2.012228,-0.786472,-0.471913
02-19-35 620,0,0,0,0,-0.149567,0,0.68187,0,0.325958,0,0,0.770432088,0.534609,0.286169,1.027437
02-19-35 668,0,0,0,0.04,-0.149567,0,0.68187,0,0.325958,0,0,0.770432088,0.534609,0.286169,1.027437
02-19-35 717,0,0,0,0.04,-1.121353,0.971786,1.542007,0.860137,0.118118,0.20784,1.31430634,1.910280084,0.534609,0.286169,1.027437
02-19-35 774,0,0,0,0,-1.121353,0,1.542007,0,0.118118,0,0,1.910280084,0.534609,0.286169,1.027437
02-19-35 824,0,0,0,0.04,-1.121353,0,1.542007,0,0.118118,0,0,1.910280084,-0.893437,1.180365,-4.564404
02-19-35 872,0,0,0,0,-1.121353,0,1.542007,0,0.118118,0,0,1.910280084,-0.893437,1.180365,-4.564404
02-19-35 930,0,0,0,0.04,-0.883255,0.238098,0.114838,1.427169,1.442596,1.324478,1.961566717,1.695408618,-0.893437,1.180365,-4.564404
02-19-35 980,0,0,0,0.04,-0.883255,0,0.114838,0,1.442596,0,0,1.695408618,-2.137616,9.839738,-5.18436
02-19-36 031,0,0,0,0.04,-0.883255,0,0.114838,0,1.442596,0,0,1.695408618,-2.137616,9.839738,-5.18436
02-19-36 076,0,0,0,0.08,-0.10498,0.778275,0.377808,0.26297,-0.471909,1.914505,2.083313369,0.613561561,-2.137616,9.839738,-5.18436
02-19-36 135,0,0,0,0.08,-0.10498,0,0.377808,0,-0.471909,0,0,0.613561561,-2.137616,9.839738,-5.18436
02-19-36 184,0,0,0,0.08,-0.10498,0,0.377808,0,-0.471909,0,0,0.613561561,2.683581,2.122111,-0.736445
02-19-36 233,0,0,0.04,0.12,-0.10498,0,0.377808,0,-0.471909,0,0,0.613561561,2.683581,2.122111,-0.736445
02-19-36 282,0,0,0,0.12,-0.038193,0.066787,-0.046906,0.424714,-0.58522,0.113311,0.444614291,0.588337766,2.683581,2.122111,-0.736445
02-19-36 345,0,0,0,0.08,-0.038193,0,-0.046906,0,-0.58522,0,0,0.588337766,2.683581,2.122111,-0.736445
02-19-36 390,0,0,0.04,0.08,-0.038193,0,-0.046906,0,-0.58522,0,0,0.588337766,1.393034,-0.896257,-0.121087
02-19-36 441,0,0,0.04,0.12,-0.038193,0,-0.046906,0,-0.58522,0,0,0.588337766,1.393034,-0.896257,-0.121087
02-19-36 500,0,0,0,0.12,-0.002182,0.036011,-0.472015,0.425109,-0.88295,0.29773,0.52024764,1.001201091,1.393034,-0.896257,-0.121087
02-19-36 546,0,0,0,0.12,-0.002182,0,-0.472015,0,-0.88295,0,0,1.001201091,1.393034,-0.896257,-0.121087
02-19-36 594,0,0,0.04,0.16,-0.002182,0,-0.472015,0,-0.88295,0,0,1.001201091,0.114243,-0.341208,0.11615
02-19-36 644,0,0,0.04,0.12,-0.002182,0,-0.472015,0,-0.88295,0,0,1.001201091,0.114243,-0.341208,0.11615
02-19-36 702,0,0,0.08,0.16,0.050613,0.052795,-0.575287,0.103272,-0.846802,0.036148,0.12148702,1.024983139,0.114243,-0.341208,0.11615
02-19-36 753,0,0,0.12,0.16,0.050613,0,-0.575287,0,-0.846802,0,0,1.024983139,0.114243,-0.341208,0.11615
02-19-36 803,0,0,0.12,0.2,0.050613,0,-0.575287,0,-0.846802,0,0,1.024983139,0.284045,0.064248,0.070663
02-19-36 849,0,0,0.12,0.2,0.050613,0,-0.575287,0,-0.846802,0,0,1.024983139,0.284045,0.064248,0.070663
02-19-36 907,0,0,0.12,0.2,-0.057358,0.107971,-0.53447,0.040817,-0.729813,0.116989,0.164347773,0.90640782,0.284045,0.064248,0.070663
02-19-36 955,0,0,0.16,0.2,-0.057358,0,-0.53447,0,-0.729813,0,0,0.90640782,0.284045,0.064248,0.070663
02-19-37 004,0,0,0.12,0.2,-0.057358,0,-0.53447,0,-0.729813,0,0,0.90640782,0.421244,0.508697,-0.114881
02-19-37 054,0,0,0.08,0.2,-0.057358,0,-0.53447,0,-0.729813,0,0,0.90640782,0.421244,0.508697,-0.114881
02-19-37 112,0,0,0.08,0.2,0.020859,0.078217,-0.475845,0.058625,-0.826752,0.096939,0.137666116,0.954139629,0.421244,0.508697,-0.114881
02-19-37 293,0,0,0.04,0.2,-0.022018,0.042877,-0.451675,0.02417,-0.878922,0.05217,0.071724019,0.988432588,-0.292555,-0.764023,-0.026009
02-19-37 297,0,0,0,0.16,-0.022018,0,-0.451675,0,-0.878922,0,0,0.988432588,-0.292555,-0.764023,-0.026009
02-19-37 299,0,0,0,0.2,-0.022018,0,-0.451675,0,-0.878922,0,0,0.988432588,-0.292555,-0.764023,-0.026009
02-19-37 317,0.04,0,0,0.16,-0.022018,0,-0.451675,0,-0.878922,0,0,0.988432588,-0.292555,-0.764023,-0.026009
02-19-37 368,0,0,0,0.16,-0.022018,0,-0.451675,0,-0.878922,0,0,0.988432588,-0.292555,-0.764023,-0.026009
02-19-37 414,0,0,0,0.16,-0.022018,0,-0.451675,0,-0.878922,0,0,0.988432588,-0.095522,0.053246,0.130999
02-19-37 473,0,0,0,0.16,-0.022018,0,-0.451675,0,-0.878922,0,0,0.988432588,-0.095522,0.053246,0.130999
02-19-37 530,0,0,0,0.24,-0.022018,0,-0.451675,0,-0.878922,0,0,0.988432588,-0.095522,0.053246,0.130999
02-19-37 572,0,0,0,0.2,-0.022018,0,-0.451675,0,-0.878922,0,0,0.988432588,-0.095522,0.053246,0.130999
02-19-37 620,0,0,0,0.16,-0.02272,0.000702,-0.40683,0.044845,-0.883652,0.00473,0.045099221,0.973071274,-0.115401,0.091267,0.077251
02-19-37 678,0,0,0,0.16,-0.02272,0,-0.40683,0,-0.883652,0,0,0.973071274,-0.115401,0.091267,0.077251
02-19-37 727,0,0,0,0.12,-0.02272,0,-0.40683,0,-0.883652,0,0,0.973071274,-0.115401,0.091267,0.077251
02-19-37 776,0,0,0,0.12,-0.02272,0,-0.40683,0,-0.883652,0,0,0.973071274,-0.115401,0.091267,0.077251
02-19-37 834,0,0,0,0.08,-0.042984,0.020264,-0.39563,0.0112,-0.951187,0.067535,0.071393599,1.03108071,-0.030656,0.082646,-0.083996
02-19-37 883,0,0,0,0.08,-0.042984,0,-0.39563,0,-0.951187,0,0,1.03108071,-0.030656,0.082646,-0.083996
02-19-37 942,0,0,0,0.04,-0.042984,0,-0.39563,0,-0.951187,0,0,1.03108071,-0.030656,0.082646,-0.083996
02-19-37 993,0,0,0,0.04,-0.066299,0.023315,-0.371826,0.023804,-0.935471,0.015716,0.036840362,1.008838998,-0.030656,0.082646,-0.083996
