Time,s1,s2,s3,s4,x,xdiff,y,ydiff,z,zdiff,adiff,z1,z2,z3
10-16-03 945,0,0,0,0.12,0,,0,,0,,,0,0,0
10-16-03 950,0,0,0,0.6,0,0,0,0,0,0,0,0,0,0
10-16-03 988,0,0,0,0.12,0,0,0,0,0,0,0,0,0,0
10-16-04 037,0,0.04,0,0.16,0,0,0,0,0,0,0,0,0,0
10-16-04 096,0,0,0,0.12,0,0,0,0,0,0,0,0,0,0
10-16-04 145,0,0,0,0.08,0.141129,0.141129,-0.473343,0.473343,-0.830017,0.830017,0.965867077,0,0,0
10-16-04 194,0,0,0,0.12,0.141129,0,-0.473343,0,-0.830017,0,0,0,0,0
10-16-04 242,0,0,0,0.08,0.141129,0,-0.473343,0,-0.830017,0,0,0,0,0
10-16-04 303,0,0,0,0.16,0.141129,0,-0.473343,0,-0.830017,0,0,0,0,0
10-16-04 351,0,0,0,0.12,0.165024,0.023895,-0.41951,0.053833,-0.866699,0.036682,0.069386829,-0.3188,0.213828,0.018439
10-16-04 400,0,0,0,0.12,0.165024,0,-0.41951,0,-0.866699,0,0,-0.3188,0.213828,0.018439
10-16-04 449,0,0,0,0.16,0.165024,0,-0.41951,0,-0.866699,0,0,-0.3188,0.213828,0.018439
10-16-04 506,0,0,0,0.12,0.174408,0.009384,-0.355652,0.063858,-0.726929,0.13977,0.153953098,-0.3188,0.213828,0.018439
10-16-04 556,0,0,0,0.16,0.174408,0,-0.355652,0,-0.726929,0,0,-1.36661,1.319326,-0.431412
10-16-04 604,0,0,0,0.16,0.174408,0,-0.355652,0,-0.726929,0,0,-1.36661,1.319326,-0.431412
10-16-04 664,0,0,0,0.16,0.174408,0,-0.355652,0,-0.726929,0,0,-1.36661,1.319326,-0.431412
10-16-04 712,0,0,0,0.2,0.42392,0.249512,-0.085114,0.270538,-0.89296,0.166031,0.403749106,-1.36661,1.319326,-0.431412
10-16-04 760,0,0,0,0.2,0.42392,0,-0.085114,0,-0.89296,0,0,-0.238735,0.568214,-0.333299
10-16-04 809,0,0,0,0.2,0.42392,0,-0.085114,0,-0.89296,0,0,-0.238735,0.568214,-0.333299
10-16-04 868,0,0,0,0.16,0.42392,0,-0.085114,0,-0.89296,0,0,-0.238735,0.568214,-0.333299
10-16-04 917,0,0,0,0.16,0.484573,0.060653,-0.105179,0.020065,-0.929977,0.037017,0.073835282,-0.238735,0.568214,-0.333299
10-16-04 966,0,0,0,0.08,0.484573,0,-0.105179,0,-0.929977,0,0,0.386503,-0.178973,0.109556
10-16-05 015,0,0,0,0,0.484573,0,-0.105179,0,-0.929977,0,0,0.386503,-0.178973,0.109556
10-16-05 073,0,0,0,0.04,0.484573,0,-0.105179,0,-0.929977,0,0,0.386503,-0.178973,0.109556
10-16-05 122,0,0,0,0,-0.038681,0.523254,-0.133316,0.028137,-0.655228,0.274749,0.591670054,0.386503,-0.178973,0.109556
10-16-05 171,0,0,0,0,-0.038681,0,-0.133316,0,-0.655228,0,0,-0.115482,1.994858,-1.467152
10-16-05 230,0,0,0,0,-0.038681,0,-0.133316,0,-0.655228,0,0,-0.115482,1.994858,-1.467152
10-16-05 278,0,0,0,0,-0.038681,0,-0.133316,0,-0.655228,0,0,-0.115482,1.994858,-1.467152
10-16-05 327,0,0,0,0,-0.038681,0,-0.133316,0,-0.655228,0,0,-0.115482,1.994858,-1.467152
10-16-05 376,0,0,0,0,0.541565,0.580246,0.141129,0.274445,-1.137817,0.482589,0.80305518,-0.163032,-0.332795,-0.477489
10-16-05 435,0,0,0,0,0.541565,0,0.141129,0,-1.137817,0,0,-0.163032,-0.332795,-0.477489
10-16-05 483,0,0,0,0,0.541565,0,0.141129,0,-1.137817,0,0,-0.163032,-0.332795,-0.477489
10-16-05 532,0,0,0,0,0.541565,0,0.141129,0,-1.137817,0,0,-0.163032,-0.332795,-0.477489
10-16-05 581,0,0,0,0,0.344498,0.197067,0.039307,0.101822,-0.949524,0.188293,0.290959406,0.276983,-0.423681,0.09882
10-16-05 640,0,0,0,0,0.344498,0,0.039307,0,-0.949524,0,0,0.276983,-0.423681,0.09882
10-16-05 688,0,0,0,0,0.344498,0,0.039307,0,-0.949524,0,0,0.276983,-0.423681,0.09882
10-16-05 841,0,0,0,0,-0.30513,0.649628,0.10112,0.061813,-0.639862,0.309662,0.722307372,1.410384,-6.416272,-0.794917
10-16-05 845,0,0,0,0,-0.30513,0,0.10112,0,-0.639862,0,0,1.410384,-6.416272,-0.794917
10-16-05 910,0,0,0,0,-0.30513,0,0.10112,0,-0.639862,0,0,1.410384,-6.416272,-0.794917
10-16-05 916,0,0,0,0,-0.30513,0,0.10112,0,-0.639862,0,0,1.410384,-6.416272,-0.794917
10-16-05 997,0,0,0,0,-0.859161,0.554031,0.78978,0.68866,-0.577576,0.062286,0.886048808,0.643611,-3.140417,4.191008
10-16-06 011,0,0,0,0,-0.859161,0,0.78978,0,-0.577576,0,0,0.643611,-3.140417,4.191008
10-16-06 050,0,0,0,0,-0.859161,0,0.78978,0,-0.577576,0,0,0.643611,-3.140417,4.191008
10-16-06 099,0,0,0,0.08,-0.859161,0,0.78978,0,-0.577576,0,0,0.643611,-3.140417,4.191008
10-16-06 150,0,0,0,0.12,-0.859161,0,0.78978,0,-0.577576,0,0,0.643611,-3.140417,4.191008
10-16-06 206,0,0,0.04,0.2,-1.54129,0.682129,0.86467,0.07489,-0.468079,0.109497,0.694908683,0.86848,-0.144303,3.606991
10-16-06 255,0,0,0.2,0.32,-1.54129,0,0.86467,0,-0.468079,0,0,0.86848,-0.144303,3.606991
10-16-06 304,0,0,0.4,0.52,-1.54129,0,0.86467,0,-0.468079,0,0,0.86848,-0.144303,3.606991
10-16-06 362,2,0,0.48,0.6,-1.54129,0,0.86467,0,-0.468079,0,0,-0.605052,-0.305078,-2.007508
10-16-06 411,2,0,0.48,0.76,-0.331482,1.209808,0.557587,0.307083,-0.431519,0.03656,1.248708132,-0.605052,-0.305078,-2.007508
10-16-06 460,2,0,0.52,0.76,-0.331482,0,0.557587,0,-0.431519,0,0,-0.605052,-0.305078,-2.007508
10-16-06 519,2,0,0.48,0.76,-0.331482,0,0.557587,0,-0.431519,0,0,-0.605052,-0.305078,-2.007508
10-16-06 567,2,0,0.44,0.76,-0.331482,0,0.557587,0,-0.431519,0,0,0.986945,-1.781729,-0.706421
10-16-06 617,2,0,0.4,0.76,-0.628632,0.29715,0.833862,0.276275,0.283478,0.714997,0.822098965,0.986945,-1.781729,-0.706421
10-16-06 666,2,0,0.4,0.8,-0.628632,0,0.833862,0,0.283478,0,0,0.986945,-1.781729,-0.706421
10-16-06 724,2,0,0.4,0.8,-0.628632,0,0.833862,0,0.283478,0,0,0.986945,-1.781729,-0.706421
10-16-06 772,2,0,0.36,0.84,-0.628632,0,0.833862,0,0.283478,0,0,4.290133,-2.990169,1.092701
10-16-06 822,0,0,0.32,0.84,-0.319016,0.309616,0.849686,0.015824,-0.366867,0.650345,0.720458941,4.290133,-2.990169,1.092701
10-16-06 880,0,0,0.36,0.8,-0.319016,0,0.849686,0,-0.366867,0,0,4.290133,-2.990169,1.092701
10-16-06 929,0,0,0.12,0.84,-0.319016,0,0.849686,0,-0.366867,0,0,4.290133,-2.990169,1.092701
10-16-06 978,0,0,0.28,0.88,-0.319016,0,0.849686,0,-0.366867,0,0,0.82355,-0.067491,2.198107
10-16-07 027,0,0,0.24,0.72,-0.249374,0.069642,0.642944,0.206742,-0.056549,0.310318,0.379327726,0.82355,-0.067491,2.198107
10-16-07 085,0,0,0.24,0.88,-0.249374,0,0.642944,0,-0.056549,0,0,0.82355,-0.067491,2.198107
10-16-07 134,0,0,0.16,0.88,-0.249374,0,0.642944,0,-0.056549,0,0,0.82355,-0.067491,2.198107
10-16-07 183,0,0,0.16,0.92,-0.249374,0,0.642944,0,-0.056549,0,0,3.121055,-3.660526,-3.771023
10-16-07 241,0,0,0,0.76,0.03299,0.282364,0.830368,0.187424,-0.269775,0.213226,0.400402936,3.121055,-3.660526,-3.771023
10-16-07 290,0,0,0,0.2,0.03299,0,0.830368,0,-0.269775,0,0,3.121055,-3.660526,-3.771023
10-16-07 339,0,0,0,0,0.03299,0,0.830368,0,-0.269775,0,0,3.121055,-3.660526,-3.771023
10-16-07 388,0,0,0,0,0.03299,0,0.830368,0,-0.269775,0,0,-0.516983,-0.911983,0.013202
10-16-07 447,0,0,0,0,-0.333862,0.366852,0.92012,0.089752,-0.162018,0.107757,0.392743405,-0.516983,-0.911983,0.013202
10-16-07 495,0,0,0,0,-0.333862,0,0.92012,0,-0.162018,0,0,-0.516983,-0.911983,0.013202
10-16-07 544,0,0,0,0,-0.333862,0,0.92012,0,-0.162018,0,0,-0.516983,-0.911983,0.013202
10-16-07 593,0,0,0,0,-0.333862,0,0.92012,0,-0.162018,0,0,0.665118,0.89961,0.050036
10-16-07 655,0,0,0,0,-0.480194,0.146332,0.889297,0.030823,-0.024933,0.137085,0.202867959,0.665118,0.89961,0.050036
10-16-07 700,0,0,0,0,-0.480194,0,0.889297,0,-0.024933,0,0,0.665118,0.89961,0.050036
10-16-07 749,0,0,0,0,-0.480194,0,0.889297,0,-0.024933,0,0,0.665118,0.89961,0.050036
10-16-07 798,0,0,0,0,-0.480194,0,0.889297,0,-0.024933,0,0,0.080828,-0.978468,-0.003344
10-16-07 856,0,0,0,0,-0.446213,0.033981,0.882126,0.007171,-0.098816,0.073883,0.081638406,0.080828,-0.978468,-0.003344
10-16-07 905,0,0,0,0,-0.446213,0,0.882126,0,-0.098816,0,0,0.080828,-0.978468,-0.003344
10-16-07 954,0,0,0,0,-0.446213,0,0.882126,0,-0.098816,0,0,0.080828,-0.978468,-0.003344
10-16-08 013,0,0,0,0,-0.446213,0,0.882126,0,-0.098816,0,0,-0.160318,-0.11003,0.247627
10-16-08 061,0,0,0,0,-0.827896,0.381683,0.89592,0.013794,0.123947,0.222763,0.442148777,-0.160318,-0.11003,0.247627
10-16-08 110,0,0,0,0,-0.827896,0,0.89592,0,0.123947,0,0,-0.160318,-0.11003,0.247627
10-16-08 159,0,0,0.08,0.28,-0.827896,0,0.89592,0,0.123947,0,0,-2.852932,-0.118002,-1.254661
10-16-08 218,0,0,0.44,0.68,-0.827896,0,0.89592,0,0.123947,0,0,-2.852932,-0.118002,-1.254661
10-16-08 267,2,0,0.48,0.72,-0.827896,0,0.89592,0,0.123947,0,0,-2.852932,-0.118002,-1.254661
10-16-08 317,2,0,0.24,0.56,-0.702423,0.125473,0.898911,0.002991,-0.136124,0.260071,0.288772133,-2.852932,-0.118002,-1.254661
10-16-08 364,0,0.04,0,0.2,-0.702423,0,0.898911,0,-0.136124,0,0,0.49311,-1.302033,-0.655843
10-16-08 423,0,0.28,0,0,-0.702423,0,0.898911,0,-0.136124,0,0,0.49311,-1.302033,-0.655843
10-16-08 472,0,0.56,0,0,-0.702423,0,0.898911,0,-0.136124,0,0,0.49311,-1.302033,-0.655843
10-16-08 521,0,0.68,0,0,-0.288971,0.413452,0.759506,0.139405,0.137177,0.273301,0.514849247,0.49311,-1.302033,-0.655843
10-16-08 579,0,0.96,0,0,-0.288971,0,0.759506,0,0.137177,0,0,0.706868,0.2075,0.413711
10-16-08 629,0,0.96,0,0,-0.288971,0,0.759506,0,0.137177,0,0,0.706868,0.2075,0.413711
10-16-08 678,0,1.16,0,0,-0.288971,0,0.759506,0,0.137177,0,0,0.706868,0.2075,0.413711
10-16-08 736,0,1.24,0,0,-0.503998,0.215027,0.767776,0.00827,0.452194,0.315017,0.381497987,0.706868,0.2075,0.413711
10-16-08 784,0,1.16,0,0,-0.503998,0,0.767776,0,0.452194,0,0,0.580926,0.754721,0.438585
10-16-08 833,0,0.6,0,0,-0.503998,0,0.767776,0,0.452194,0,0,0.580926,0.754721,0.438585
10-16-08 882,0,0.04,0,0,-0.503998,0,0.767776,0,0.452194,0,0,0.580926,0.754721,0.438585
10-16-08 941,0,0,0,0,0.040695,0.544693,0.655472,0.112304,-0.38179,0.833984,1.002413071,0.580926,0.754721,0.438585
10-16-08 993,0,0,0,0,0.040695,0,0.655472,0,-0.38179,0,0,0.219965,-0.347059,0.190173
10-16-09 039,0,0,0,0,0.040695,0,0.655472,0,-0.38179,0,0,0.219965,-0.347059,0.190173
10-16-09 087,0,0,0,0,0.040695,0,0.655472,0,-0.38179,0,0,0.219965,-0.347059,0.190173
10-16-09 146,0,0,0,0,-0.631012,0.671707,0.734207,0.078735,-0.178757,0.203033,0.706124559,0.219965,-0.347059,0.190173
10-16-09 194,0,0,0,0,-0.631012,0,0.734207,0,-0.178757,0,0,0.470335,0.217809,-0.079631
10-16-09 243,0,0,0,0,-0.631012,0,0.734207,0,-0.178757,0,0,0.470335,0.217809,-0.079631
10-16-09 292,0,0,0,0,-0.631012,0,0.734207,0,-0.178757,0,0,0.470335,0.217809,-0.079631
10-16-09 351,0,0,0,0,-0.610062,0.02095,0.796707,0.0625,-0.137497,0.04126,0.077765931,0.447419,-0.49507,0.122673
10-16-09 400,0,0,0,0,-0.610062,0,0.796707,0,-0.137497,0,0,0.447419,-0.49507,0.122673
10-16-09 450,0,0,0,0,-0.610062,0,0.796707,0,-0.137497,0,0,0.447419,-0.49507,0.122673
10-16-09 507,0,0,0,0,-0.610062,0,0.796707,0,-0.137497,0,0,0.447419,-0.49507,0.122673
10-16-09 556,0,0,0,0,-0.651047,0.040985,0.788879,0.007828,-0.194534,0.057037,0.070670129,-0.041045,-0.005413,0.212099
10-16-09 605,0,0,0,0,-0.651047,0,0.788879,0,-0.194534,0,0,-0.041045,-0.005413,0.212099
10-16-09 654,0,0,0,0,-0.651047,0,0.788879,0,-0.194534,0,0,-0.041045,-0.005413,0.212099
10-16-09 713,0,0,0,0,-0.651047,0,0.788879,0,-0.194534,0,0,-0.041045,-0.005413,0.212099
10-16-09 761,0,0,0.16,0.56,-0.672455,0.021408,0.851349,0.06247,0.122971,0.317505,0.324299597,-2.861195,-1.070032,-0.810716
10-16-09 810,0,0,0.32,1,-0.672455,0,0.851349,0,0.122971,0,0,-2.861195,-1.070032,-0.810716
10-16-09 868,0,0,0.16,0.84,-0.672455,0,0.851349,0,0.122971,0,0,-2.861195,-1.070032,-0.810716
10-16-09 917,0,0,0,0.36,-0.672455,0,0.851349,0,0.122971,0,0,-2.861195,-1.070032,-0.810716
10-16-09 967,0,0.16,0,0.08,-0.347473,0.324982,0.770782,0.080567,-0.001297,0.124268,0.357137057,0.497495,-1.103261,-0.42251
10-16-10 015,0,0.44,0,0,-0.347473,0,0.770782,0,-0.001297,0,0,0.497495,-1.103261,-0.42251
10-16-10 073,0,0.68,0,0,-0.347473,0,0.770782,0,-0.001297,0,0,0.497495,-1.103261,-0.42251
10-16-10 122,0,0.8,0,0,-0.347473,0,0.770782,0,-0.001297,0,0,0.497495,-1.103261,-0.42251
10-16-10 171,20.4,0.92,0,0,-0.661896,0.314423,0.61618,0.154602,-0.07988,0.078583,0.359080617,0.548509,0.176056,0.51925
10-16-10 229,2,1.04,0,0,-0.661896,0,0.61618,0,-0.07988,0,0,0.548509,0.176056,0.51925
10-16-10 278,0,1.04,0,0,-0.661896,0,0.61618,0,-0.07988,0,0,0.548509,0.176056,0.51925
10-16-10 327,2.28,1.12,0,0,-0.661896,0,0.61618,0,-0.07988,0,0,0.548509,0.176056,0.51925
10-16-10 375,0,0.72,0,0,-0.839172,0.177276,1.432693,0.816513,-0.212463,0.132583,0.845989664,0.852257,0.438883,0.820795
10-16-10 437,0,0.24,0,0,-0.839172,0,1.432693,0,-0.212463,0,0,0.852257,0.438883,0.820795
10-16-10 486,0,0,0,0,-0.839172,0,1.432693,0,-0.212463,0,0,0.852257,0.438883,0.820795
10-16-10 532,0,0,0,0,-0.839172,0,1.432693,0,-0.212463,0,0,0.852257,0.438883,0.820795
10-16-10 581,0,0,0,0,-0.635864,0.203308,0.638458,0.794235,-0.117126,0.095337,0.825368113,-0.136318,-0.103488,0.369241
10-16-10 640,0,0,0,0,-0.635864,0,0.638458,0,-0.117126,0,0,-0.136318,-0.103488,0.369241
10-16-10 689,0,0,0,0,-0.635864,0,0.638458,0,-0.117126,0,0,-0.136318,-0.103488,0.369241
10-16-10 740,0,0,0,0,-0.635864,0,0.638458,0,-0.117126,0,0,0.275865,0.117307,-0.117089
10-16-10 796,0,0,0,0,-0.554642,0.081222,0.81842,0.179962,-0.188751,0.071625,0.210032082,0.275865,0.117307,-0.117089
10-16-10 845,0,0,0,0,-0.554642,0,0.81842,0,-0.188751,0,0,0.275865,0.117307,-0.117089
10-16-10 893,0,0,0,0,-0.554642,0,0.81842,0,-0.188751,0,0,0.275865,0.117307,-0.117089
10-16-10 948,0,0,0,0,-0.554642,0,0.81842,0,-0.188751,0,0,0.020638,0.41257,0.174127
10-16-11 521,0,0,0,0,-0.695572,0.14093,0.848831,0.030411,-0.298294,0.109543,0.181068392,-2.578173,-1.43614,-0.311806
10-16-11 525,0,0,0,0,-0.695572,0,0.848831,0,-0.298294,0,0,-2.578173,-1.43614,-0.311806
10-16-11 528,0,0,0,0,-0.695572,0,0.848831,0,-0.298294,0,0,-2.578173,-1.43614,-0.311806
10-16-11 534,0,0,0,0,-0.695572,0,0.848831,0,-0.298294,0,0,-2.578173,-1.43614,-0.311806
10-16-11 538,0,0,0,0,-0.695572,0,0.848831,0,-0.298294,0,0,-2.578173,-1.43614,-0.311806
10-16-11 540,0,0,0,0.16,-0.695572,0,0.848831,0,-0.298294,0,0,-2.578173,-1.43614,-0.311806
10-16-11 543,0,0,0.08,0.24,-0.695572,0,0.848831,0,-0.298294,0,0,-2.578173,-1.43614,-0.311806
10-16-11 546,0,0,0.12,0.56,-0.695572,0,0.848831,0,-0.298294,0,0,-2.578173,-1.43614,-0.311806
10-16-11 549,0,0,0.2,0.88,-0.695572,0,0.848831,0,-0.298294,0,0,0.837294,-1.279147,-0.626255
10-16-11 552,0,0,0.08,0.8,-0.695572,0,0.848831,0,-0.298294,0,0,0.837294,-1.279147,-0.626255
10-16-11 555,0,0,0,0.48,-0.695572,0,0.848831,0,-0.298294,0,0,0.837294,-1.279147,-0.626255
10-16-11 567,0,0.04,0,0.2,-0.695572,0,0.848831,0,-0.298294,0,0,0.837294,-1.279147,-0.626255
10-16-11 617,0,0.2,0,0.08,-0.695572,0,0.848831,0,-0.298294,0,0,0.837294,-1.279147,-0.626255
10-16-11 666,0,0.4,0,0,-0.303787,0.391785,0.802216,0.046615,0.20575,0.504044,0.640100616,0.837294,-1.279147,-0.626255
10-16-11 724,0,0.64,0,0,-0.303787,0,0.802216,0,0.20575,0,0,0.837294,-1.279147,-0.626255
10-16-11 774,0,0.88,0,0,-0.303787,0,0.802216,0,0.20575,0,0,0.460529,0.052115,0.421226
10-16-11 833,0,1.16,0,0,-0.303787,0,0.802216,0,0.20575,0,0,0.460529,0.052115,0.421226
10-16-11 870,0,1.12,0,0,-1.22438,0.920593,0.696289,0.105927,0.414856,0.209106,0.94996701,0.460529,0.052115,0.421226
10-16-12 053,0,1.4,0,0,-0.498367,0.726013,0.486938,0.209351,-0.068222,0.483078,0.896820535,0.53669,0.303176,0.390642
10-16-12 057,0.04,1.16,0,0,-0.498367,0,0.486938,0,-0.068222,0,0,0.53669,0.303176,0.390642
10-16-12 060,0,0.56,0,0,-0.498367,0,0.486938,0,-0.068222,0,0,0.53669,0.303176,0.390642
10-16-12 075,1.6,0,0,0,-0.498367,0,0.486938,0,-0.068222,0,0,0.53669,0.303176,0.390642
10-16-12 134,0,0,0,0,-0.498367,0,0.486938,0,-0.068222,0,0,0.53669,0.303176,0.390642
10-16-12 183,0,0,0,0,-0.498367,0,0.486938,0,-0.068222,0,0,-0.147256,-0.464378,-0.157169
10-16-12 232,0,0,0,0,-0.498367,0,0.486938,0,-0.068222,0,0,-0.147256,-0.464378,-0.157169
10-16-12 290,0,0,0,0,-0.738434,0.240067,0.615143,0.128205,-0.152512,0.08429,0.284909618,-0.147256,-0.464378,-0.157169
10-16-12 339,0,0,0,0,-0.738434,0,0.615143,0,-0.152512,0,0,0.279806,0.570698,-0.120999
10-16-12 400,0,0,0,0,-0.738434,0,0.615143,0,-0.152512,0,0,0.279806,0.570698,-0.120999
10-16-12 437,0,0,0,0,-0.738434,0,0.615143,0,-0.152512,0,0,0.279806,0.570698,-0.120999
10-16-12 495,0,0,0,0,-0.592834,0.1456,0.740311,0.125168,-0.152084,0.000428,0.192006696,0.279806,0.570698,-0.120999
10-16-12 544,0,0,0,0,-0.592834,0,0.740311,0,-0.152084,0,0,0.225635,-0.005105,0.221207
10-16-12 720,0,0,0,0,-0.734665,0.141831,0.704575,0.035736,-0.185959,0.033875,0.150135305,0.225635,-0.005105,0.221207
10-16-12 724,0,0,0,0,-0.734665,0,0.704575,0,-0.185959,0,0,0.225635,-0.005105,0.221207
10-16-12 726,0,0,0,0,-0.734665,0,0.704575,0,-0.185959,0,0,0.225635,-0.005105,0.221207
10-16-12 757,0.08,0,0,0,-0.734665,0,0.704575,0,-0.185959,0,0,-0.054445,0.279777,0.293863
10-16-12 799,0,0,0,0.04,-0.734665,0,0.704575,0,-0.185959,0,0,-0.054445,0.279777,0.293863
10-16-12 857,0,0,0.04,0.36,-0.734665,0,0.704575,0,-0.185959,0,0,-0.054445,0.279777,0.293863
10-16-12 906,0,0,0.08,0.64,-0.708405,0.02626,0.779572,0.074997,0.200027,0.385986,0.39408036,-0.054445,0.279777,0.293863
10-16-12 954,0,0,0.08,0.92,-0.708405,0,0.779572,0,0.200027,0,0,-3.219516,0.596484,-0.614753
10-16-13 002,0,0,0,0.8,-0.708405,0,0.779572,0,0.200027,0,0,-3.219516,0.596484,-0.614753
10-16-13 062,0,0.08,0,0.44,-0.708405,0,0.779572,0,0.200027,0,0,-3.219516,0.596484,-0.614753
10-16-13 111,0,0.08,0,0.12,-0.578796,0.129609,0.66127,0.118302,0.004868,0.195159,0.262451693,-3.219516,0.596484,-0.614753
10-16-13 159,0,0.36,0,0.04,-0.578796,0,0.66127,0,0.004868,0,0,0.771659,-1.03547,-0.393256
10-16-13 218,0,0.56,0,0.04,-0.578796,0,0.66127,0,0.004868,0,0,0.771659,-1.03547,-0.393256
10-16-13 267,0,0.72,0,0,-0.578796,0,0.66127,0,0.004868,0,0,0.771659,-1.03547,-0.393256
10-16-13 316,0,0.88,0,0,-0.547119,0.031677,0.655731,0.005539,-0.008728,0.013596,0.034913666,0.771659,-1.03547,-0.393256
10-16-13 364,0,0.96,0,0,-0.547119,0,0.655731,0,-0.008728,0,0,0.612961,0.23909,0.42793
10-16-13 423,0,1.08,0,0,-0.547119,0,0.655731,0,-0.008728,0,0,0.612961,0.23909,0.42793
10-16-13 472,0,1.2,0,0,-0.547119,0,0.655731,0,-0.008728,0,0,0.612961,0.23909,0.42793
10-16-13 521,0,1.16,0,0,-0.258896,0.288223,0.807266,0.151535,-0.209747,0.201019,0.382680013,0.612961,0.23909,0.42793
10-16-13 580,0,0.84,0,0,-0.258896,0,0.807266,0,-0.209747,0,0,0.975458,0.384937,1.018548
10-16-13 628,0,0.12,0,0,-0.258896,0,0.807266,0,-0.209747,0,0,0.975458,0.384937,1.018548
10-16-13 677,0,0,0,0,-0.258896,0,0.807266,0,-0.209747,0,0,0.975458,0.384937,1.018548
10-16-13 726,0,0,0,0,-0.811432,0.552536,1.015884,0.208618,-0.271347,0.0616,0.593811469,0.975458,0.384937,1.018548
10-16-13 784,0,0,0,0,-0.811432,0,1.015884,0,-0.271347,0,0,0.143957,0.420247,-0.036116
10-16-13 835,0,0,0,0,-0.811432,0,1.015884,0,-0.271347,0,0,0.143957,0.420247,-0.036116
10-16-13 882,0,0,0,0,-0.811432,0,1.015884,0,-0.271347,0,0,0.143957,0.420247,-0.036116
10-16-13 931,0,0,0,0,-0.723953,0.087479,0.758072,0.257812,-0.161636,0.109711,0.293523604,0.143957,0.420247,-0.036116
10-16-13 990,0,0,0,0,-0.723953,0,0.758072,0,-0.161636,0,0,0.304062,-0.08029,-0.106911
10-16-14 038,0,0,0,0,-0.723953,0,0.758072,0,-0.161636,0,0,0.304062,-0.08029,-0.106911
10-16-14 090,0,0,0,0,-0.723953,0,0.758072,0,-0.161636,0,0,0.304062,-0.08029,-0.106911
10-16-14 136,0,0,0,0,-0.723953,0,0.758072,0,-0.161636,0,0,0.08034,0.277764,0.021009
10-16-14 195,0,0,0,0,-0.655472,0.068481,0.708832,0.04924,-0.166443,0.004807,0.084482733,0.08034,0.277764,0.021009
10-16-14 243,0,0,0,0,-0.655472,0,0.708832,0,-0.166443,0,0,0.08034,0.277764,0.021009
10-16-14 292,0,0,0,0,-0.655472,0,0.708832,0,-0.166443,0,0,0.08034,0.277764,0.021009
10-16-14 351,0,0,0,0,-0.752075,0.096603,0.734726,0.025894,-0.184448,0.018005,0.101620957,-0.186802,0.261502,0.177798
10-16-14 400,0,0,0,0,-0.752075,0,0.734726,0,-0.184448,0,0,-0.186802,0.261502,0.177798
10-16-14 448,0,0,0,0,-0.752075,0,0.734726,0,-0.184448,0,0,-0.186802,0.261502,0.177798
10-16-14 497,0,0,0,0,-0.752075,0,0.734726,0,-0.184448,0,0,-0.186802,0.261502,0.177798
10-16-14 557,0,0,0,0.2,-0.752075,0,0.734726,0,-0.184448,0,0,-2.281262,-1.213566,-0.052152
10-16-14 605,0,0,0,0.32,-0.750626,0.001449,0.854996,0.12027,0.292221,0.476669,0.491609915,-2.281262,-1.213566,-0.052152
10-16-14 653,0,0,0,0.4,-0.750626,0,0.854996,0,0.292221,0,0,-2.281262,-1.213566,-0.052152
10-16-14 702,0,0,0,0.36,-0.750626,0,0.854996,0,0.292221,0,0,-2.281262,-1.213566,-0.052152
10-16-14 761,0,0,0,0.24,-0.750626,0,0.854996,0,0.292221,0,0,0.234847,-0.461773,-0.383014
10-16-14 810,0,0,0,0.12,-0.623337,0.127289,0.634216,0.22078,0.004807,0.287414,0.384126418,0.234847,-0.461773,-0.383014
10-16-14 859,0,0.16,0,0.04,-0.623337,0,0.634216,0,0.004807,0,0,0.234847,-0.461773,-0.383014
10-16-14 918,0,0.32,0,0,-0.623337,0,0.634216,0,0.004807,0,0,0.234847,-0.461773,-0.383014
10-16-14 966,0,0.48,0,0,-0.623337,0,0.634216,0,0.004807,0,0,0.141054,0.241521,0.021254
10-16-15 015,0,0.56,0,0,-0.718582,0.095245,0.631927,0.002289,-0.036499,0.041306,0.103841394,0.141054,0.241521,0.021254
10-16-15 064,0,0.64,0,0,-0.718582,0,0.631927,0,-0.036499,0,0,0.141054,0.241521,0.021254
10-16-15 122,0,0.68,0,0,-0.718582,0,0.631927,0,-0.036499,0,0,0.141054,0.241521,0.021254
10-16-15 171,0,0.84,0,0,-0.718582,0,0.631927,0,-0.036499,0,0,0.134037,-0.149226,-0.107168
10-16-15 220,0,0.84,0,0,-0.600037,0.118545,0.610367,0.02156,-0.002563,0.033936,0.125177485,0.134037,-0.149226,-0.107168
10-16-15 281,0,0.96,0,0,-0.600037,0,0.610367,0,-0.002563,0,0,0.134037,-0.149226,-0.107168
10-16-15 327,0,0.84,0,0,-0.600037,0,0.610367,0,-0.002563,0,0,0.408878,0.106371,0.159169
10-16-15 376,0,0.36,0,0,-0.600037,0,0.610367,0,-0.002563,0,0,0.408878,0.106371,0.159169
10-16-15 425,0,0,0,0,-0.169983,0.430054,0.649078,0.038711,-0.374268,0.371705,0.569745199,0.408878,0.106371,0.159169
10-16-15 484,0,0,0,0,-0.169983,0,0.649078,0,-0.374268,0,0,0.408878,0.106371,0.159169
10-16-15 533,0,0,0,0,-0.169983,0,0.649078,0,-0.374268,0,0,0.341504,0.33203,0.119179
10-16-15 582,0,0,0,0,-0.169983,0,0.649078,0,-0.374268,0,0,0.341504,0.33203,0.119179
10-16-15 630,0,0,0,0,-0.602631,0.432648,0.721512,0.072434,-0.139725,0.234543,0.497434815,0.341504,0.33203,0.119179
10-16-15 690,0,0,0,0,-0.602631,0,0.721512,0,-0.139725,0,0,0.341504,0.33203,0.119179
10-16-15 738,0,0,0,0,-0.602631,0,0.721512,0,-0.139725,0,0,-0.584009,0.787573,-0.272206
10-16-15 786,0,0,0,0,-0.602631,0,0.721512,0,-0.139725,0,0,-0.584009,0.787573,-0.272206
10-16-15 845,0,0,0,0,-0.679749,0.077118,0.727951,0.006439,-0.26355,0.123825,0.146018072,-0.584009,0.787573,-0.272206
10-16-15 895,0,0,0,0,-0.679749,0,0.727951,0,-0.26355,0,0,-0.584009,0.787573,-0.272206
10-16-15 943,0,0,0,0,-0.679749,0,0.727951,0,-0.26355,0,0,-0.187678,0.879635,0.148734
10-16-15 992,0,0,0,0,-0.679749,0,0.727951,0,-0.26355,0,0,-0.187678,0.879635,0.148734
10-16-16 052,0,0,0,0,-0.737045,0.057296,0.768326,0.040375,-0.1409,0.12265,0.141265688,-0.187678,0.879635,0.148734
10-16-16 100,0,0,0,0,-0.737045,0,0.768326,0,-0.1409,0,0,-0.187678,0.879635,0.148734
10-16-16 151,0,0,0,0,-0.737045,0,0.768326,0,-0.1409,0,0,-1.220136,1.04651,0.071486
10-16-16 197,0,0,0,0,-0.737045,0,0.768326,0,-0.1409,0,0,-1.220136,1.04651,0.071486
10-16-16 255,0,0,0,0,-0.654968,0.082077,0.919678,0.151352,-0.047867,0.093033,0.195701816,-1.220136,1.04651,0.071486
10-16-16 305,0,0,0,0,-0.654968,0,0.919678,0,-0.047867,0,0,-1.220136,1.04651,0.071486
10-16-16 353,0,0,0,0.04,-0.654968,0,0.919678,0,-0.047867,0,0,-1.876725,1.050799,0.562628
10-16-16 411,0,0,0,0.2,-0.654968,0,0.919678,0,-0.047867,0,0,-1.876725,1.050799,0.562628
10-16-16 460,0,0,0,0.36,-0.310638,0.34433,0.805435,0.114243,0.032532,0.080399,0.371589304,-1.876725,1.050799,0.562628
10-16-16 512,0,0,0,0.52,-0.310638,0,0.805435,0,0.032532,0,0,-1.876725,1.050799,0.562628
10-16-16 559,0,0,0,0.56,-0.310638,0,0.805435,0,0.032532,0,0,-1.773623,1.596961,0.15319
10-16-16 617,0,0,0,0.48,-0.310638,0,0.805435,0,0.032532,0,0,-1.773623,1.596961,0.15319
10-16-16 666,0,0,0,0.44,-0.429367,0.118729,0.691376,0.114059,0.082321,0.049789,0.172002836,-1.773623,1.596961,0.15319
10-16-16 719,0,0.04,0,0.36,-0.429367,0,0.691376,0,0.082321,0,0,-1.773623,1.596961,0.15319
10-16-16 763,0,0.04,0,0.32,-0.429367,0,0.691376,0,0.082321,0,0,-1.283709,2.603583,0.060507
10-16-16 822,0,0.04,0,0.36,-0.429367,0,0.691376,0,0.082321,0,0,-1.283709,2.603583,0.060507
10-16-16 870,0,0.04,0,0.44,-0.479645,0.050278,0.623871,0.067505,-0.07576,0.158081,0.179093285,-1.283709,2.603583,0.060507
10-16-16 921,0,0.04,0,0.52,-0.479645,0,0.623871,0,-0.07576,0,0,-1.283709,2.603583,0.060507
10-16-16 978,0,0,0,0.72,-0.479645,0,0.623871,0,-0.07576,0,0,0.551317,-0.371743,-0.929353
10-16-17 027,0,0,0,0.52,-0.479645,0,0.623871,0,-0.07576,0,0,0.551317,-0.371743,-0.929353
10-16-17 080,0,0,0,0.2,-0.683807,0.204162,0.541412,0.082459,-0.285995,0.210235,0.304434499,0.551317,-0.371743,-0.929353
10-16-17 124,0,0,0,0,-0.683807,0,0.541412,0,-0.285995,0,0,0.19966,0.210194,-0.138287
10-16-17 183,0,0,0,0,-0.683807,0,0.541412,0,-0.285995,0,0,0.19966,0.210194,-0.138287
10-16-17 234,0,0,0,0,-0.683807,0,0.541412,0,-0.285995,0,0,0.19966,0.210194,-0.138287
10-16-17 281,0,0,0,0,-0.683807,0,0.541412,0,-0.285995,0,0,0.19966,0.210194,-0.138287
10-16-17 330,0,0,0,0,-0.812088,0.128281,0.566696,0.025284,-0.01326,0.272735,0.302456073,-1.943459,1.01654,-0.43969
10-16-17 388,0,0,0,0,-0.812088,0,0.566696,0,-0.01326,0,0,-1.943459,1.01654,-0.43969
10-16-17 437,0,0,0,0,-0.812088,0,0.566696,0,-0.01326,0,0,-1.943459,1.01654,-0.43969
10-16-17 486,0,0,0,0,-0.812088,0,0.566696,0,-0.01326,0,0,-1.943459,1.01654,-0.43969
10-16-17 544,0,0,0,0,-0.852295,0.040207,0.509811,0.056885,-0.055878,0.042618,0.081662721,-0.669125,0.652603,-0.262404
10-16-17 593,0,0,0,0,-0.852295,0,0.509811,0,-0.055878,0,0,-0.669125,0.652603,-0.262404
10-16-17 642,0,0,0,0,-0.852295,0,0.509811,0,-0.055878,0,0,-0.669125,0.652603,-0.262404
10-16-17 691,0,0,0,0,-0.852295,0,0.509811,0,-0.055878,0,0,-0.669125,0.652603,-0.262404
10-16-17 749,0,0,0,0,-0.878494,0.026199,0.56279,0.052979,-0.172318,0.11644,0.130581146,-0.1506,0.721103,0.145206
10-16-17 798,0,0,0,0,-0.878494,0,0.56279,0,-0.172318,0,0,-0.1506,0.721103,0.145206
10-16-17 851,0,0,0,0,-0.878494,0,0.56279,0,-0.172318,0,0,-0.1506,0.721103,0.145206
10-16-17 896,0,0,0,0,-0.878494,0,0.56279,0,-0.172318,0,0,-0.1506,0.721103,0.145206
10-16-17 955,0,0,0,0,-0.985397,0.106903,0.552765,0.010025,-0.077255,0.095063,0.143407552,0.054641,0.596843,0.382682
10-16-18 003,0,0,0,0.12,-0.985397,0,0.552765,0,-0.077255,0,0,0.054641,0.596843,0.382682
10-16-18 052,0,0,0.08,0.28,-0.985397,0,0.552765,0,-0.077255,0,0,0.054641,0.596843,0.382682
10-16-18 111,0,0,0.12,0.6,-0.985397,0,0.552765,0,-0.077255,0,0,0.054641,0.596843,0.382682
10-16-18 160,0,0,0,0.36,-0.984497,0.0009,0.905899,0.353134,-0.439377,0.362122,0.505803099,-2.957128,1.054125,-0.828445
10-16-18 208,0,0.12,0,0.08,-0.984497,0,0.905899,0,-0.439377,0,0,-2.957128,1.054125,-0.828445
10-16-18 257,0,0.28,0,0,-0.984497,0,0.905899,0,-0.439377,0,0,-2.957128,1.054125,-0.828445
10-16-18 316,0,0.36,0,0,-0.984497,0,0.905899,0,-0.439377,0,0,0.131413,-0.280207,-0.329793
10-16-18 364,0,0.44,0,0,-0.321045,0.663452,0.575394,0.330505,-0.01506,0.424317,0.854076711,0.131413,-0.280207,-0.329793
10-16-18 413,0,0.56,0,0,-0.321045,0,0.575394,0,-0.01506,0,0,0.131413,-0.280207,-0.329793
10-16-18 472,0,0.52,0,0,-0.321045,0,0.575394,0,-0.01506,0,0,0.131413,-0.280207,-0.329793
10-16-18 521,0,0.76,0,0,-0.321045,0,0.575394,0,-0.01506,0,0,0.5546,-0.724007,-0.199539
10-16-18 570,0,0.68,0,0,-1.239655,0.91861,0.607544,0.03215,0.694168,0.709228,1.160983338,0.5546,-0.724007,-0.199539
10-16-18 618,0,0.48,0,0,-1.239655,0,0.607544,0,0.694168,0,0,0.5546,-0.724007,-0.199539
10-16-18 677,0,0.12,0,0,-1.239655,0,0.607544,0,0.694168,0,0,0.5546,-0.724007,-0.199539
10-16-18 726,0,0,0,0,-1.239655,0,0.607544,0,0.694168,0,0,-0.136908,1.545181,0.45341
10-16-18 783,0,0,0,0,-0.906723,0.332932,0.809753,0.202209,-0.333618,1.027786,1.099125224,-0.136908,1.545181,0.45341
10-16-18 823,0,0,0,0,-0.906723,0,0.809753,0,-0.333618,0,0,-0.136908,1.545181,0.45341
10-16-18 883,0,0,0,0,-0.906723,0,0.809753,0,-0.333618,0,0,-0.136908,1.545181,0.45341
10-16-18 932,0,0,0,0,-0.906723,0,0.809753,0,-0.333618,0,0,-0.232739,-0.663737,-0.095435
10-16-18 981,0,0,0,0,-0.881271,0.025452,0.503265,0.306488,-0.245575,0.088043,0.319897278,-0.232739,-0.663737,-0.095435
10-16-19 038,0,0,0,0,-0.881271,0,0.503265,0,-0.245575,0,0,-0.232739,-0.663737,-0.095435
10-16-19 087,0,0,0,0,-0.881271,0,0.503265,0,-0.245575,0,0,-0.232739,-0.663737,-0.095435
10-16-19 136,0,0,0,0,-0.881271,0,0.503265,0,-0.245575,0,0,0.875317,-0.150182,0.36182
10-16-19 185,0,0,0,0,-0.767197,0.114074,0.51123,0.007965,-0.232666,0.012909,0.115078065,0.875317,-0.150182,0.36182
10-16-19 250,0,0,0,0,-0.767197,0,0.51123,0,-0.232666,0,0,0.875317,-0.150182,0.36182
10-16-19 293,0,0,0,0,-0.767197,0,0.51123,0,-0.232666,0,0,0.875317,-0.150182,0.36182
10-16-19 341,0,0,0,0,-0.767197,0,0.51123,0,-0.232666,0,0,0.001968,0.335557,0.259497
10-16-19 390,0,0,0,0,-0.925186,0.157989,0.503525,0.007705,-0.246521,0.013855,0.158782405,0.001968,0.335557,0.259497
10-16-19 460,0,0,0,0,-0.925186,0,0.503525,0,-0.246521,0,0,0.001968,0.335557,0.259497
10-16-19 497,0,0,0,0,-0.925186,0,0.503525,0,-0.246521,0,0,0.001968,0.335557,0.259497
10-16-19 546,0,0,0,0.32,-0.925186,0,0.503525,0,-0.246521,0,0,-0.331765,-1.579533,-0.053815
10-16-19 605,0,0,0,0.4,-0.989807,0.064621,0.610443,0.106918,-0.035324,0.211197,0.245380328,-0.331765,-1.579533,-0.053815
10-16-19 722,0,0,0,0.36,-0.989807,0,0.610443,0,-0.035324,0,0,0.458504,-1.648145,-0.644051
10-16-20 120,0,0.16,0,0.08,-1.376389,0.386582,0.374023,0.23642,0.321869,0.357193,0.576998179,0.788488,-0.044527,0.056531
10-16-20 125,0.28,0.36,0,0,-1.376389,0,0.374023,0,0.321869,0,0,0.788488,-0.044527,0.056531
10-16-20 127,0.32,0.52,0,0,-1.376389,0,0.374023,0,0.321869,0,0,0.788488,-0.044527,0.056531
10-16-20 130,0.32,0.56,0,0,-1.376389,0,0.374023,0,0.321869,0,0,0.788488,-0.044527,0.056531
10-16-20 133,0.44,0.72,0,0,-1.376389,0,0.374023,0,0.321869,0,0,0.788488,-0.044527,0.056531
10-16-20 139,0.4,0.76,0,0,-1.376389,0,0.374023,0,0.321869,0,0,0.788488,-0.044527,0.056531
10-16-20 143,0.36,0.88,0,0,-1.376389,0,0.374023,0,0.321869,0,0,0.788488,-0.044527,0.056531
10-16-20 147,0.32,0.88,0,0,-1.376389,0,0.374023,0,0.321869,0,0,0.788488,-0.044527,0.056531
10-16-20 149,0.32,0.88,0,0,-1.376389,0,0.374023,0,0.321869,0,0,0.788488,-0.044527,0.056531
10-16-20 152,0.32,0.88,0,0,-1.376389,0,0.374023,0,0.321869,0,0,0.788488,-0.044527,0.056531
10-16-20 155,0.32,0.88,0,0,-1.376389,0,0.374023,0,0.321869,0,0,0.788488,-0.044527,0.056531
10-16-20 158,0.28,0.36,0,0,-1.376389,0,0.374023,0,0.321869,0,0,0.788488,-0.044527,0.056531
10-16-20 160,0.32,0.52,0,0,-1.376389,0,0.374023,0,0.321869,0,0,0.788488,-0.044527,0.056531
10-16-20 164,0.32,0.56,0,0,-1.376389,0,0.374023,0,0.321869,0,0,0.788488,-0.044527,0.056531
10-16-20 167,0.44,0.72,0,0,-1.376389,0,0.374023,0,0.321869,0,0,0.788488,-0.044527,0.056531
10-16-20 171,0.4,0.76,0,0,-1.376389,0,0.374023,0,0.321869,0,0,0.788488,-0.044527,0.056531
10-16-20 174,0.36,0.88,0,0,-1.376389,0,0.374023,0,0.321869,0,0,0.788488,-0.044527,0.056531
10-16-20 177,0.32,0.88,0,0,-1.376389,0,0.374023,0,0.321869,0,0,0.788488,-0.044527,0.056531
10-16-20 180,0.32,0.88,0,0,-1.376389,0,0.374023,0,0.321869,0,0,0.788488,-0.044527,0.056531
10-16-20 184,0,0.44,0,0,-1.376389,0,0.374023,0,0.321869,0,0,0.788488,-0.044527,0.056531
10-16-20 187,0.28,0.36,0,0,-1.376389,0,0.374023,0,0.321869,0,0,0.788488,-0.044527,0.056531
10-16-20 193,0.32,0.52,0,0,-1.376389,0,0.374023,0,0.321869,0,0,0.788488,-0.044527,0.056531
10-16-20 198,0.32,0.56,0,0,-1.376389,0,0.374023,0,0.321869,0,0,0.788488,-0.044527,0.056531
10-16-20 200,0.44,0.72,0,0,-1.376389,0,0.374023,0,0.321869,0,0,0.788488,-0.044527,0.056531
10-16-20 203,0.4,0.76,0,0,-1.376389,0,0.374023,0,0.321869,0,0,0.788488,-0.044527,0.056531
10-16-20 205,0.36,0.88,0,0,-1.376389,0,0.374023,0,0.321869,0,0,0.788488,-0.044527,0.056531
10-16-20 208,0.32,0.88,0,0,-1.376389,0,0.374023,0,0.321869,0,0,0.788488,-0.044527,0.056531
10-16-20 210,0.32,0.88,0,0,-1.376389,0,0.374023,0,0.321869,0,0,0.788488,-0.044527,0.056531
10-16-20 220,0,0,0,0,-0.468979,0.90741,0.20903,0.164993,-0.271072,0.592941,1.096446363,0.788488,-0.044527,0.056531
10-16-20 270,0,0,0,0,-0.468979,0,0.20903,0,-0.271072,0,0,0.788488,-0.044527,0.056531
10-16-20 327,0,0.6,0.04,0,-0.468979,0,0.20903,0,-0.271072,0,0,0.072531,-0.716486,-0.185058
10-16-20 378,0,0,0,0,-0.468979,0,0.20903,0,-0.271072,0,0,0.072531,-0.716486,-0.185058
10-16-20 425,0,0,0,0,-0.468979,0,0.20903,0,-0.271072,0,0,0.072531,-0.716486,-0.185058
10-16-20 474,0,0,0,0,-0.803833,0.334854,0.448425,0.239395,-0.327347,0.056275,0.415456427,0.072531,-0.716486,-0.185058
10-16-20 533,0,0.6,0.16,0,-0.803833,0,0.448425,0,-0.327347,0,0,0.563878,0.151018,-0.095637
10-16-20 582,0,0,0,0,-0.803833,0,0.448425,0,-0.327347,0,0,0.563878,0.151018,-0.095637
10-16-20 632,0,0,0,0,-0.803833,0,0.448425,0,-0.327347,0,0,0.563878,0.151018,-0.095637
10-16-20 679,0,0,0,0,-0.788162,0.015671,0.524124,0.075699,-0.174164,0.153183,0.171583654,0.563878,0.151018,-0.095637
10-16-20 738,0,0,0,0,-0.788162,0,0.524124,0,-0.174164,0,0,0.090841,0.087064,0.113992
10-16-20 787,0,0,0,0,-0.788162,0,0.524124,0,-0.174164,0,0,0.090841,0.087064,0.113992
10-16-20 835,0,0,0,0,-0.788162,0,0.524124,0,-0.174164,0,0,0.090841,0.087064,0.113992
10-16-20 884,0,0,0,0,-1.024048,0.235886,0.412216,0.111908,-0.162781,0.011383,0.261333462,0.090841,0.087064,0.113992
10-16-20 943,0,0,0,0,-1.024048,0,0.412216,0,-0.162781,0,0,-0.149288,-0.003106,0.294317
10-16-20 991,0,0,0,0.16,-1.024048,0,0.412216,0,-0.162781,0,0,-0.149288,-0.003106,0.294317
10-16-21 041,0,0,0,0.28,-1.024048,0,0.412216,0,-0.162781,0,0,-0.149288,-0.003106,0.294317
10-16-21 100,0,0,0,0.68,-0.718536,0.305512,0.720657,0.308441,0.178741,0.341522,0.552368273,-0.149288,-0.003106,0.294317
10-16-21 150,0,0,0,0.88,-0.718536,0,0.720657,0,0.178741,0,0,-2.002781,-0.980118,0.117515
10-16-21 197,0,0,0,0.68,-0.718536,0,0.720657,0,0.178741,0,0,-2.002781,-0.980118,0.117515
10-16-21 249,0,0,0,0.28,-0.718536,0,0.720657,0,0.178741,0,0,-2.002781,-0.980118,0.117515
10-16-21 304,0,0.08,0,0.04,-0.732956,0.01442,0.965057,0.2444,-0.098618,0.277359,0.369955823,1.352274,-3.27592,-0.630773
10-16-21 353,0,0.2,0,0,-0.732956,0,0.965057,0,-0.098618,0,0,1.352274,-3.27592,-0.630773
10-16-21 404,0,0.44,0,0,-0.732956,0,0.965057,0,-0.098618,0,0,1.352274,-3.27592,-0.630773
10-16-21 460,0,0.52,0,0,-0.732956,0,0.965057,0,-0.098618,0,0,1.352274,-3.27592,-0.630773
10-16-21 509,0,0.68,0,0,-0.733215,0.000259,0.585236,0.379821,0.206467,0.305085,0.487176474,0.938718,0.361601,0.20754
10-16-21 558,0,0.68,0,0,-0.733215,0,0.585236,0,0.206467,0,0,0.938718,0.361601,0.20754
10-16-21 607,2.32,0.6,0,0,-0.733215,0,0.585236,0,0.206467,0,0,0.938718,0.361601,0.20754
10-16-21 667,0,0.44,0,0,-0.733215,0,0.585236,0,0.206467,0,0,0.938718,0.361601,0.20754
10-16-21 721,0,0,0,0,-0.884583,0.151368,1.017136,0.4319,-0.011215,0.217682,0.506789241,-0.624707,2.079715,-0.724998
10-16-21 763,0,0,0,0,-0.884583,0,1.017136,0,-0.011215,0,0,-0.624707,2.079715,-0.724998
10-16-21 812,0,0,0,0,-0.884583,0,1.017136,0,-0.011215,0,0,-0.624707,2.079715,-0.724998
10-16-21 873,0,0,0,0,-0.884583,0,1.017136,0,-0.011215,0,0,-0.624707,2.079715,-0.724998
10-16-21 920,0,0,0,0,-0.85788,0.026703,0.417847,0.599289,0.110672,0.121887,0.612141157,1.860445,1.507581,-0.33239
10-16-21 969,0,0,0,0,-0.85788,0,0.417847,0,0.110672,0,0,1.860445,1.507581,-0.33239
10-16-22 027,0,0,0,0,-0.85788,0,0.417847,0,0.110672,0,0,1.860445,1.507581,-0.33239
10-16-22 077,0,0,0,0,-0.85788,0,0.417847,0,0.110672,0,0,1.860445,1.507581,-0.33239
10-16-22 124,0,0,0,0,-0.812897,0.044983,0.40831,0.009537,-0.178024,0.288696,0.29233509,0.178717,0.44098,-0.063868
10-16-22 200,0,0,0,0,-0.812897,0,0.40831,0,-0.178024,0,0,0.178717,0.44098,-0.063868
10-16-22 232,0,0,0,0,-0.812897,0,0.40831,0,-0.178024,0,0,0.178717,0.44098,-0.063868
10-16-22 284,0,0,0,0,-0.812897,0,0.40831,0,-0.178024,0,0,0.178717,0.44098,-0.063868
10-16-22 330,0,0,0,0,-1.044144,0.231247,0.278778,0.129532,-0.271988,0.093964,0.281216904,0.085104,0.070381,0.315425
10-16-22 380,0,0,0,0,-1.044144,0,0.278778,0,-0.271988,0,0,0.085104,0.070381,0.315425
10-16-22 437,0,0,0,0.16,-1.044144,0,0.278778,0,-0.271988,0,0,0.085104,0.070381,0.315425
10-16-22 486,0,0,0,0.12,-1.044144,0,0.278778,0,-0.271988,0,0,0.085104,0.070381,0.315425
10-16-22 534,0,0,0,0.6,-0.915848,0.128296,0.632828,0.35405,-0.181747,0.090241,0.387239854,-1.420984,-2.990905,0.040674
10-16-22 593,0,0,0,0.72,-0.915848,0,0.632828,0,-0.181747,0,0,-1.420984,-2.990905,0.040674
10-16-22 642,0,0,0,0.44,-0.915848,0,0.632828,0,-0.181747,0,0,-1.420984,-2.990905,0.040674
10-16-22 691,0,0.08,0,0.12,-0.915848,0,0.632828,0,-0.181747,0,0,-1.420984,-2.990905,0.040674
10-16-22 741,0,0.2,0,0.04,-0.592606,0.323242,0.625549,0.007279,0.020142,0.201889,0.381179148,0.788919,-1.040833,-0.595576
10-16-22 799,0,0.48,0,0,-0.592606,0,0.625549,0,0.020142,0,0,0.788919,-1.040833,-0.595576
10-16-22 847,0,0.6,0,0,-0.592606,0,0.625549,0,0.020142,0,0,0.788919,-1.040833,-0.595576
10-16-22 896,0,0.76,0,0,-0.592606,0,0.625549,0,0.020142,0,0,0.788919,-1.040833,-0.595576
10-16-22 955,0,0.88,0,0,-1.160919,0.568313,0.202942,0.422607,0.074402,0.05426,0.710296058,0.548772,0.316132,0.453063
10-16-23 005,2.28,1.04,0,0,-1.160919,0,0.202942,0,0.074402,0,0,0.548772,0.316132,0.453063
10-16-23 053,0,1.24,0,0,-1.160919,0,0.202942,0,0.074402,0,0,0.548772,0.316132,0.453063
10-16-23 101,0,1.24,0,0,-1.160919,0,0.202942,0,0.074402,0,0,0.888209,0.267507,0.583232
10-16-23 160,0,1.12,0,0,-1.195496,0.034577,0.697952,0.49501,-0.306839,0.381241,0.625759674,0.888209,0.267507,0.583232
10-16-23 208,0,0.64,0,0,-1.195496,0,0.697952,0,-0.306839,0,0,0.888209,0.267507,0.583232
10-16-23 258,0,0,0,0,-1.195496,0,0.697952,0,-0.306839,0,0,0.888209,0.267507,0.583232
10-16-23 316,0,0,0,0,-1.195496,0,0.697952,0,-0.306839,0,0,-0.503139,-0.505642,0.092822
10-16-23 365,0,0,0,0,-1.195496,0,0.697952,0,-0.306839,0,0,-0.503139,-0.505642,0.092822
10-16-23 413,0,0,0,0,-0.93573,0.259766,0.307419,0.390533,-0.167725,0.139114,0.489231135,-0.503139,-0.505642,0.092822
10-16-23 463,0,0,0,0,-0.93573,0,0.307419,0,-0.167725,0,0,-0.503139,-0.505642,0.092822
10-16-23 521,0,0,0,0,-0.93573,0,0.307419,0,-0.167725,0,0,-0.749692,-0.762056,-0.105045
10-16-23 570,0,0,0,0,-0.93573,0,0.307419,0,-0.167725,0,0,-0.749692,-0.762056,-0.105045
10-16-23 619,0,0,0,0,-0.855835,0.079895,0.408585,0.101166,-0.186325,0.0186,0.130244887,-0.749692,-0.762056,-0.105045
10-16-23 673,0,0,0,0,-0.855835,0,0.408585,0,-0.186325,0,0,-0.749692,-0.762056,-0.105045
10-16-23 726,0,0,0,0,-0.855835,0,0.408585,0,-0.186325,0,0,0.085971,0.529724,0.213237
10-16-23 775,0,0,0,0,-0.855835,0,0.408585,0,-0.186325,0,0,0.085971,0.529724,0.213237
10-16-23 824,0,0,0,0,-1.033691,0.177856,0.302032,0.106553,-0.2957,0.109375,0.234412434,0.085971,0.529724,0.213237
10-16-23 873,0,0,0,0,-1.033691,0,0.302032,0,-0.2957,0,0,0.085971,0.529724,0.213237
10-16-23 931,0,0,0,0,-1.033691,0,0.302032,0,-0.2957,0,0,-0.39805,-0.281762,0.219868
10-16-23 981,0,0,0,0.6,-1.033691,0,0.302032,0,-0.2957,0,0,-0.39805,-0.281762,0.219868
10-16-24 030,0,0,0,0.8,-0.867081,0.16661,0.68367,0.381638,0.092896,0.388596,0.569572916,-0.39805,-0.281762,0.219868
10-16-24 089,0,0,0,0.64,-0.867081,0,0.68367,0,0.092896,0,0,-0.39805,-0.281762,0.219868
10-16-24 136,0,0.04,0,0.16,-0.867081,0,0.68367,0,0.092896,0,0,-1.890058,0.062351,-0.475218
10-16-24 185,0,0.16,0,0.04,-0.867081,0,0.68367,0,0.092896,0,0,-1.890058,0.062351,-0.475218
10-16-24 244,0,0.4,0,0,-0.803757,0.063324,0.52977,0.1539,-0.037857,0.130753,0.211639991,-1.890058,0.062351,-0.475218
10-16-24 293,0,0.6,0,0,-0.803757,0,0.52977,0,-0.037857,0,0,0.472169,-0.250918,-0.523895
10-16-24 341,20.48,0.72,0,0,-0.803757,0,0.52977,0,-0.037857,0,0,0.472169,-0.250918,-0.523895
10-16-24 399,20.44,0.8,0,0,-0.803757,0,0.52977,0,-0.037857,0,0,0.472169,-0.250918,-0.523895
10-16-24 451,20.44,0.88,0,0,-0.832489,0.028732,0.234268,0.295502,0.14119,0.179047,0.346705622,0.472169,-0.250918,-0.523895
10-16-24 498,20.48,1.28,0,0,-0.832489,0,0.234268,0,0.14119,0,0,0.633311,0.032546,-0.331895
10-16-24 546,20.52,1.64,0,0,-0.832489,0,0.234268,0,0.14119,0,0,0.633311,0.032546,-0.331895
10-16-24 605,2.12,1.52,0,0,-0.832489,0,0.234268,0,0.14119,0,0,0.633311,0.032546,-0.331895
10-16-24 658,0,0.2,0,0,-1.158966,0.326477,1.259323,1.025055,-0.501526,0.642716,1.253159543,0.633311,0.032546,-0.331895
10-16-24 706,0,0,0,0,-1.158966,0,1.259323,0,-0.501526,0,0,-1.080152,2.078846,-0.098873
10-16-24 752,0,0,0,0,-1.158966,0,1.259323,0,-0.501526,0,0,-1.080152,2.078846,-0.098873
10-16-24 810,0,0,0,0,-1.158966,0,1.259323,0,-0.501526,0,0,-1.080152,2.078846,-0.098873
10-16-24 859,0,0,0,0,-1.128586,0.03038,-0.164078,1.423401,0.652817,1.154343,1.83289419,-1.080152,2.078846,-0.098873
10-16-24 916,0,0,0,0,-1.128586,0,-0.164078,0,0.652817,0,0,-0.334619,-0.452971,-0.415376
10-16-24 957,0,0,0,0,-1.128586,0,-0.164078,0,0.652817,0,0,-0.334619,-0.452971,-0.415376
10-16-25 016,0,0,0,0,-1.128586,0,-0.164078,0,0.652817,0,0,-0.334619,-0.452971,-0.415376
10-16-25 068,0,0.4,0,0.04,-0.477737,0.650849,0.844666,1.008744,-0.411789,1.064606,1.604541933,-0.334619,-0.452971,-0.415376
10-16-25 113,0,0.6,0,0,-0.477737,0,0.844666,0,-0.411789,0,0,0.337213,-0.314734,-0.878183
10-16-25 172,0,0.08,0,0,-0.477737,0,0.844666,0,-0.411789,0,0,0.337213,-0.314734,-0.878183
10-16-25 223,0,0,0,0,-0.477737,0,0.844666,0,-0.411789,0,0,0.337213,-0.314734,-0.878183
10-16-25 269,0,0,0,0,-2.089264,1.611527,0.996613,0.151947,-1.075409,0.66362,1.749428097,0.337213,-0.314734,-0.878183
10-16-25 318,0,0,0,0,-2.089264,0,0.996613,0,-1.075409,0,0,0.893295,2.065077,0.636532
10-16-25 377,0,0,0,0,-2.089264,0,0.996613,0,-1.075409,0,0,0.893295,2.065077,0.636532
10-16-25 425,0,0,0,0,-2.089264,0,0.996613,0,-1.075409,0,0,0.893295,2.065077,0.636532
10-16-25 474,0,0.04,0,0,-1.065598,1.023666,0.168701,0.827912,-0.459244,0.616165,1.453612626,0.893295,2.065077,0.636532
10-16-25 523,0,0,0,0,-1.065598,0,0.168701,0,-0.459244,0,0,-0.064532,1.29599,1.197699
10-16-25 582,0,0,0,0,-1.065598,0,0.168701,0,-0.459244,0,0,-0.064532,1.29599,1.197699
10-16-25 631,0,0,0,0,-1.065598,0,0.168701,0,-0.459244,0,0,-0.064532,1.29599,1.197699
10-16-25 681,0,0,0,0,-0.066574,0.999024,0.792038,0.623337,-1.18367,0.724426,1.38253065,-0.064532,1.29599,1.197699
10-16-25 738,0,0,0,0,-0.066574,0,0.792038,0,-1.18367,0,0,1.949078,-0.912092,-1.468021
10-16-25 789,0,0,0,0,-0.066574,0,0.792038,0,-1.18367,0,0,1.949078,-0.912092,-1.468021
10-16-25 837,0,0,0,0,-0.066574,0,0.792038,0,-1.18367,0,0,1.949078,-0.912092,-1.468021
10-16-25 884,0,0,0,0,-0.066574,0,0.792038,0,-1.18367,0,0,1.949078,-0.912092,-1.468021
10-16-25 943,0,0,0,0,-0.292877,0.226303,0.362152,0.429886,-0.835663,0.348007,0.597598438,1.612133,-0.505663,-1.725932
10-16-25 992,0,0,0,0,-0.292877,0,0.362152,0,-0.835663,0,0,1.612133,-0.505663,-1.725932
10-16-26 041,0,0,0,0,-0.292877,0,0.362152,0,-0.835663,0,0,1.612133,-0.505663,-1.725932
10-16-26 089,0,0,0,0,-0.292877,0,0.362152,0,-0.835663,0,0,1.046098,-0.209892,-0.441503
10-16-26 148,0,0,0,0,-0.728729,0.435852,-0.378876,0.741028,-0.699203,0.13646,0.870465849,1.046098,-0.209892,-0.441503
10-16-26 197,0,0,0,0,-0.728729,0,-0.378876,0,-0.699203,0,0,1.046098,-0.209892,-0.441503
10-16-26 254,0,0,0,0,-0.728729,0,-0.378876,0,-0.699203,0,0,1.046098,-0.209892,-0.441503
10-16-26 299,0,0,0,0,-0.728729,0,-0.378876,0,-0.699203,0,0,0.716928,-0.624062,-0.432816
10-16-26 353,0,0,0,0,-0.687241,0.041488,-0.485703,0.106827,-0.49292,0.206283,0.235978682,0.716928,-0.624062,-0.432816
10-16-26 402,0,0,0,0,-0.687241,0,-0.485703,0,-0.49292,0,0,0.716928,-0.624062,-0.432816
10-16-26 451,0,0,0,0,-0.687241,0,-0.485703,0,-0.49292,0,0,0.716928,-0.624062,-0.432816
10-16-26 509,0,0,0,0,-0.687241,0,-0.485703,0,-0.49292,0,0,0.571822,-0.513407,-0.543824
10-16-26 558,0,0,0,0,-0.614532,0.072709,-0.65274,0.167037,-0.361359,0.131561,0.224713717,0.571822,-0.513407,-0.543824
10-16-26 609,0,0,0,0,-0.614532,0,-0.65274,0,-0.361359,0,0,0.571822,-0.513407,-0.543824
10-16-26 656,0,0,0,0,-0.614532,0,-0.65274,0,-0.361359,0,0,0.571822,-0.513407,-0.543824
10-16-26 715,0,0,0,0,-0.614532,0,-0.65274,0,-0.361359,0,0,0.606243,-0.764891,-0.149476
10-16-26 763,0,0,0,0,-0.643661,0.029129,-0.679581,0.026841,-0.135712,0.225647,0.229097155,0.606243,-0.764891,-0.149476
10-16-26 818,0,0,0,0,-0.643661,0,-0.679581,0,-0.135712,0,0,0.606243,-0.764891,-0.149476
10-16-26 861,0,0,0,0,-0.643661,0,-0.679581,0,-0.135712,0,0,0.606243,-0.764891,-0.149476
10-16-27 017,0,0,0,0,-0.623642,0.020019,-0.750107,0.070526,-0.023758,0.111954,0.133822177,0.559832,-0.400609,-0.154001
10-16-27 022,0,0,0,0,-0.623642,0,-0.750107,0,-0.023758,0,0,0.559832,-0.400609,-0.154001
10-16-27 025,0,0,0,0,-0.623642,0,-0.750107,0,-0.023758,0,0,0.559832,-0.400609,-0.154001
10-16-27 027,0,0,0,0,-0.623642,0,-0.750107,0,-0.023758,0,0,0.559832,-0.400609,-0.154001
10-16-27 076,0,0,0,0,-0.623642,0,-0.750107,0,-0.023758,0,0,0.559832,-0.400609,-0.154001
10-16-27 125,0,0,0,0,-0.623642,0,-0.750107,0,-0.023758,0,0,0.629755,-0.431769,-0.063977
10-16-27 173,0,0,0,0,-0.637878,0.014236,-0.784866,0.034759,0.07695,0.100708,0.107484664,0.629755,-0.431769,-0.063977
10-16-27 223,0,0,0,0,-0.637878,0,-0.784866,0,0.07695,0,0,0.629755,-0.431769,-0.063977
10-16-27 282,0,0,0,0,-0.637878,0,-0.784866,0,0.07695,0,0,0.680807,-0.549093,-0.17829
10-16-27 330,0,0,0,0,-0.637878,0,-0.784866,0,0.07695,0,0,0.680807,-0.549093,-0.17829
10-16-27 379,0,0,0,0,-0.578339,0.059539,-0.772156,0.01271,0.349319,0.272369,0.279090145,0.680807,-0.549093,-0.17829
10-16-27 427,0,0,0,0,-0.578339,0,-0.772156,0,0.349319,0,0,0.680807,-0.549093,-0.17829
10-16-27 487,0,0,0,0,-0.578339,0,-0.772156,0,0.349319,0,0,0.614981,-0.440856,-0.02825
10-16-27 536,0,0,0,0,-0.578339,0,-0.772156,0,0.349319,0,0,0.614981,-0.440856,-0.02825
10-16-27 584,0,0,0,0,-0.422363,0.155976,-0.734634,0.037522,0.48027,0.130951,0.207085918,0.614981,-0.440856,-0.02825
10-16-27 642,0,0,0,0,-0.422363,0,-0.734634,0,0.48027,0,0,0.614981,-0.440856,-0.02825
10-16-27 730,0,0,0,0,-0.422363,0,-0.734634,0,0.48027,0,0,0.397462,0.061105,0.18009
10-16-27 750,0,0,0,0,-0.422363,0,-0.734634,0,0.48027,0,0,0.397462,0.061105,0.18009
10-16-27 790,0,0,0,0,-0.563751,0.141388,-0.580215,0.154419,0.570221,0.089951,0.227874914,0.397462,0.061105,0.18009
10-16-27 847,0,0,0,0,-0.563751,0,-0.580215,0,0.570221,0,0,0.397462,0.061105,0.18009
10-16-27 896,0,0,0,0,-0.563751,0,-0.580215,0,0.570221,0,0,-0.000448,0.071143,0.078103
10-16-27 947,0,0,0,0,-0.563751,0,-0.580215,0,0.570221,0,0,-0.000448,0.071143,0.078103
10-16-27 994,0,0,0,0,-0.545593,0.018158,-0.588898,0.008683,0.55423,0.015991,0.02570641,-0.000448,0.071143,0.078103
10-16-28 053,0,0,0,0,-0.545593,0,-0.588898,0,0.55423,0,0,-0.000448,0.071143,0.078103
10-16-28 102,0,0,0,0,-0.545593,0,-0.588898,0,0.55423,0,0,-0.01057,0.089898,0.062473
10-16-28 150,0,0,0,0,-0.545593,0,-0.588898,0,0.55423,0,0,-0.01057,0.089898,0.062473
10-16-28 209,0,0,0,0,-0.638992,0.093399,-0.73941,0.150512,0.562317,0.008087,0.177320712,-0.01057,0.089898,0.062473
10-16-28 258,0,0,0,0,-0.638992,0,-0.73941,0,0.562317,0,0,-0.01057,0.089898,0.062473
10-16-28 306,0,0,0,0,-0.638992,0,-0.73941,0,0.562317,0,0,-0.058959,-0.125849,0.441331
10-16-28 355,0,0,0,0,-0.638992,0,-0.73941,0,0.562317,0,0,-0.058959,-0.125849,0.441331
10-16-28 414,0,0,0,0,-0.531754,0.107238,-0.252335,0.487075,0.708344,0.146027,0.519678679,-0.058959,-0.125849,0.441331
10-16-28 487,0,0,0,0.04,-0.531754,0,-0.252335,0,0.708344,0,0,0.237635,-0.503222,0.891841
10-16-28 515,0,0,0,0.04,-0.531754,0,-0.252335,0,0.708344,0,0,0.237635,-0.503222,0.891841
10-16-28 561,0,0,0,0,-0.531754,0,-0.252335,0,0.708344,0,0,0.237635,-0.503222,0.891841
10-16-28 619,0,0,0,0,-0.642334,0.11058,-0.410141,0.157806,0.604095,0.104249,0.219085655,0.237635,-0.503222,0.891841
10-16-28 668,0,0,0,0,-0.642334,0,-0.410141,0,0.604095,0,0,0.237635,-0.503222,0.891841
10-16-28 717,0,0,0,0,-0.642334,0,-0.410141,0,0.604095,0,0,0.054364,-0.121471,0.487931
10-16-28 766,0,0,0,0,-0.642334,0,-0.410141,0,0.604095,0,0,0.054364,-0.121471,0.487931
10-16-28 824,0,0,0,0,-0.642334,0,-0.410141,0,0.604095,0,0,0.054364,-0.121471,0.487931
10-16-28 997,0,0,0,0,-0.703247,0.060913,-0.318451,0.09169,0.63974,0.035645,0.115706593,0.051485,0.082103,0.146243
10-16-29 001,0,0,0,0,-0.703247,0,-0.318451,0,0.63974,0,0,0.051485,0.082103,0.146243
10-16-29 003,0,0,0,0,-0.703247,0,-0.318451,0,0.63974,0,0,0.051485,0.082103,0.146243
10-16-29 056,0.08,0,0,0,-0.761475,0.058228,-0.226776,0.091675,0.668274,0.028534,0.11228978,0.051485,0.082103,0.146243
10-16-29 078,0,0,0,0,-0.761475,0,-0.226776,0,0.668274,0,0,0.024494,0.076369,-0.008493
10-16-29 127,0,0,0,0,-0.761475,0,-0.226776,0,0.668274,0,0,0.024494,0.076369,-0.008493
10-16-29 185,0,0,0,0,-0.761475,0,-0.226776,0,0.668274,0,0,0.024494,0.076369,-0.008493
10-16-29 235,0,0,0,0,-0.761475,0,-0.226776,0,0.668274,0,0,0.024494,0.076369,-0.008493
10-16-29 283,0,0,0,0,-0.718231,0.043244,-0.31839,0.091614,0.605576,0.062698,0.119139447,-0.048643,-0.045564,-0.151592
10-16-29 332,0,0.04,0,0,-0.718231,0,-0.31839,0,0.605576,0,0,-0.048643,-0.045564,-0.151592
10-16-29 390,0,0,0,0,-0.718231,0,-0.31839,0,0.605576,0,0,-0.048643,-0.045564,-0.151592
10-16-29 439,0,0,0,0,-0.718231,0,-0.31839,0,0.605576,0,0,-0.048643,-0.045564,-0.151592
10-16-29 488,0,0,0,0,-0.681274,0.036957,-0.359314,0.040924,0.642151,0.036575,0.066168907,-0.015373,-0.091993,-0.058741
10-16-29 547,0,0.04,0,0,-0.681274,0,-0.359314,0,0.642151,0,0,-0.015373,-0.091993,-0.058741
10-16-29 595,0,0,0,0,-0.681274,0,-0.359314,0,0.642151,0,0,-0.015373,-0.091993,-0.058741
10-16-29 647,0,0,0,0,-0.681274,0,-0.359314,0,0.642151,0,0,-0.015373,-0.091993,-0.058741
10-16-29 693,0,0,0,0,-0.653976,0.027298,-0.376862,0.017548,0.636734,0.005417,0.032900714,-0.07692,-0.001895,0.031234
10-16-29 752,0,0,0,0,-0.653976,0,-0.376862,0,0.636734,0,0,-0.07692,-0.001895,0.031234
10-16-29 801,0,0,0,0,-0.653976,0,-0.376862,0,0.636734,0,0,-0.07692,-0.001895,0.031234
10-16-29 851,0,0,0,0,-0.653976,0,-0.376862,0,0.636734,0,0,-0.07692,-0.001895,0.031234
10-16-29 903,0,0,0,0,-0.668274,0.014298,-0.343887,0.032975,0.649445,0.012711,0.038122866,-0.040833,0.006597,0.059281
10-16-29 957,0,0,0,0,-0.668274,0,-0.343887,0,0.649445,0,0,-0.040833,0.006597,0.059281
10-16-30 006,0,0,0,0,-0.668274,0,-0.343887,0,0.649445,0,0,-0.040833,0.006597,0.059281
10-16-30 054,0,0,0,0,-0.668274,0,-0.343887,0,0.649445,0,0,-0.040833,0.006597,0.059281
10-16-30 113,0,0,0,0,-0.687698,0.019424,-0.342697,0.00119,0.64447,0.004975,0.020086276,-0.039468,0.037224,-0.005116
10-16-30 162,0,0,0,0,-0.687698,0,-0.342697,0,0.64447,0,0,-0.039468,0.037224,-0.005116
10-16-30 211,0,0,0,0,-0.687698,0,-0.342697,0,0.64447,0,0,-0.039468,0.037224,-0.005116
10-16-30 259,0,0,0,0,-0.687698,0,-0.342697,0,0.64447,0,0,-0.039468,0.037224,-0.005116
10-16-30 318,0,0,0,0,-0.673767,0.013931,-0.358948,0.016251,0.634323,0.010147,0.023688169,-0.039468,0.037224,-0.005116
10-16-30 372,0,0,0,0,-0.673767,0,-0.358948,0,0.634323,0,0,-0.012848,-0.009249,-0.011606
10-16-30 415,0,0,0,0,-0.673767,0,-0.358948,0,0.634323,0,0,-0.012848,-0.009249,-0.011606
10-16-30 465,0,0,0,0,-0.673767,0,-0.358948,0,0.634323,0,0,-0.012848,-0.009249,-0.011606
10-16-30 527,0,0,0,0,-0.688751,0.014984,-0.387726,0.028778,0.690018,0.055695,0.064456393,-0.012848,-0.009249,-0.011606
10-16-30 572,0,0,0,0,-0.688751,0,-0.387726,0,0.690018,0,0,-0.012848,-0.009249,-0.011606
10-16-30 621,0,0,0,0,-0.688751,0,-0.387726,0,0.690018,0,0,-0.141852,0.440142,0.359171
10-16-30 680,0,0,0,0,-0.688751,0,-0.387726,0,0.690018,0,0,-0.141852,0.440142,0.359171
10-16-30 729,0,0,0,0,-0.841339,0.152588,-0.238647,0.149079,0.534531,0.155487,0.263976994,-0.141852,0.440142,0.359171
10-16-30 777,0,0,0,0,-0.841339,0,-0.238647,0,0.534531,0,0,0.447373,0.840778,0.914729
10-16-30 826,0,0,0,0,-0.841339,0,-0.238647,0,0.534531,0,0,0.447373,0.840778,0.914729
10-16-30 884,0,0,0,0,-0.841339,0,-0.238647,0,0.534531,0,0,0.447373,0.840778,0.914729
10-16-30 933,0,0,0,0,-0.913376,0.072037,0.001678,0.240325,0.409454,0.125077,0.280338529,0.447373,0.840778,0.914729
10-16-30 982,0,0,0,0,-0.913376,0,0.001678,0,0.409454,0,0,0.111578,0.959611,0.900515
10-16-31 031,0,0,0,0,-0.913376,0,0.001678,0,0.409454,0,0,0.111578,0.959611,0.900515
10-16-31 090,0,0,0,0,-0.913376,0,0.001678,0,0.409454,0,0,0.111578,0.959611,0.900515
10-16-31 138,0,0,0,0,-0.587372,0.326004,-0.712097,0.713775,0.178375,0.231079,0.81801642,0.111578,0.959611,0.900515
10-16-31 187,0,0,0,0,-0.587372,0,-0.712097,0,0.178375,0,0,-0.12293,1.25613,2.18184
10-16-31 236,0,0,0,0,-0.587372,0,-0.712097,0,0.178375,0,0,-0.12293,1.25613,2.18184
10-16-31 295,0,0,0,0,-0.587372,0,-0.712097,0,0.178375,0,0,-0.12293,1.25613,2.18184
10-16-31 343,0,0,0,0,-0.587372,0,-0.712097,0,0.178375,0,0,-0.12293,1.25613,2.18184
10-16-31 398,0,0,0,0,-0.920303,0.332931,0.278549,0.990646,-0.013535,0.19191,1.062568584,0.590418,0.32458,0.796966
10-16-31 451,0,0,0,0,-0.920303,0,0.278549,0,-0.013535,0,0,0.590418,0.32458,0.796966
10-16-31 499,0,0,0,0,-0.920303,0,0.278549,0,-0.013535,0,0,0.590418,0.32458,0.796966
10-16-31 549,0,0,0,0,-0.920303,0,0.278549,0,-0.013535,0,0,0.590418,0.32458,0.796966
10-16-31 599,0,0,0,0,-0.922607,0.002304,0.569351,0.290802,-0.120728,0.107193,0.309937818,1.845881,-0.641875,3.144574
10-16-31 656,0,0,0,0.04,-0.922607,0,0.569351,0,-0.120728,0,0,1.845881,-0.641875,3.144574
10-16-31 705,0,0,0,0.08,-0.922607,0,0.569351,0,-0.120728,0,0,1.845881,-0.641875,3.144574
10-16-31 754,0,0,0,0.24,-0.922607,0,0.569351,0,-0.120728,0,0,1.845881,-0.641875,3.144574
10-16-31 813,0,0,0,0.48,-0.881317,0.04129,0.528473,0.040878,-0.063034,0.057694,0.081880844,0.5317,-0.03236,-0.344443
10-16-31 861,0,0,0,0.6,-0.881317,0,0.528473,0,-0.063034,0,0,0.5317,-0.03236,-0.344443
10-16-31 910,0,0,0,0.64,-0.881317,0,0.528473,0,-0.063034,0,0,0.5317,-0.03236,-0.344443
10-16-31 959,0,0,0,0.68,-0.881317,0,0.528473,0,-0.063034,0,0,0.5317,-0.03236,-0.344443
10-16-32 017,0,0,0,0.64,-0.490097,0.39122,0.972534,0.444061,-0.078857,0.015823,0.592025023,-1.002676,0.571504,-0.040283
10-16-32 066,0,0,0,0.6,-0.490097,0,0.972534,0,-0.078857,0,0,-1.002676,0.571504,-0.040283
10-16-32 115,0,0,0,0.6,-0.490097,0,0.972534,0,-0.078857,0,0,-1.002676,0.571504,-0.040283
10-16-32 174,0,0,0,0.6,-0.490097,0,0.972534,0,-0.078857,0,0,-0.355448,0.182835,0.971549
10-16-32 222,0,0,0,0.56,-0.96167,0.471573,0.715683,0.256851,-0.0439,0.034957,0.538122219,-0.355448,0.182835,0.971549
10-16-32 271,0,0,0,0.56,-0.96167,0,0.715683,0,-0.0439,0,0,-0.355448,0.182835,0.971549
10-16-32 320,0,0,0,0.6,-0.96167,0,0.715683,0,-0.0439,0,0,-0.355448,0.182835,0.971549
10-16-32 379,0,0,0,0.6,-0.96167,0,0.715683,0,-0.0439,0,0,-3.969593,2.619511,-0.369145
10-16-32 428,0,0,0,0.6,-0.004501,0.957169,1.152771,0.437088,-0.498856,0.454956,1.146387097,-3.969593,2.619511,-0.369145
10-16-32 477,0,0,0,0.56,-0.004501,0,1.152771,0,-0.498856,0,0,-3.969593,2.619511,-0.369145
10-16-32 535,0,0,0,0.6,-0.004501,0,1.152771,0,-0.498856,0,0,-3.969593,2.619511,-0.369145
10-16-32 585,0,0,0,0.64,-0.004501,0,1.152771,0,-0.498856,0,0,-0.567672,0.633261,-1.186667
10-16-32 634,0,0,0,0.64,-0.798782,0.794281,1.59549,0.442719,0.051544,0.5504,1.062931127,-0.567672,0.633261,-1.186667
10-16-32 682,0,0,0,0.6,-0.798782,0,1.59549,0,0.051544,0,0,-0.567672,0.633261,-1.186667
10-16-32 740,0,0,0,0.6,-0.798782,0,1.59549,0,0.051544,0,0,-0.567672,0.633261,-1.186667
10-16-32 793,0,0,0,0.6,-0.798782,0,1.59549,0,0.051544,0,0,0.114897,0.279932,-1.634375
10-16-32 838,0,0,0,0.6,-0.549271,0.249511,1.321167,0.274323,0.769577,0.718033,0.808133799,0.114897,0.279932,-1.634375
10-16-32 897,0,0,0,0.56,-0.549271,0,1.321167,0,0.769577,0,0,0.114897,0.279932,-1.634375
10-16-32 945,0,0,0,0.52,-0.549271,0,1.321167,0,0.769577,0,0,0.114897,0.279932,-1.634375
10-16-32 995,0,0,0,0.52,-0.549271,0,1.321167,0,0.769577,0,0,0.821885,1.899596,-0.31155
10-16-33 043,0,0,0,0.52,-1.786377,1.237106,0.336334,0.984833,-0.84285,1.612427,2.258372893,0.821885,1.899596,-0.31155
10-16-33 101,0,0.04,0,0.48,-1.786377,0,0.336334,0,-0.84285,0,0,0.821885,1.899596,-0.31155
10-16-33 151,0,0.04,0,0.48,-1.786377,0,0.336334,0,-0.84285,0,0,0.821885,1.899596,-0.31155
10-16-33 200,0,0.04,0,0.48,-1.786377,0,0.336334,0,-0.84285,0,0,0.48712,4.350129,-5.855943
10-16-33 258,0,0,0,0.52,-0.239136,1.547241,0.307419,0.028915,-0.262405,0.580445,1.652787702,0.48712,4.350129,-5.855943
10-16-33 312,0,0,0,0.44,-0.239136,0,0.307419,0,-0.262405,0,0,0.48712,4.350129,-5.855943
10-16-33 356,0,0,0,0.44,-0.239136,0,0.307419,0,-0.262405,0,0,0.48712,4.350129,-5.855943
10-16-33 404,0,0,0,0.44,-0.239136,0,0.307419,0,-0.262405,0,0,-0.079154,2.962097,-0.633766
10-16-33 464,0,0,0,0.28,-0.177002,0.062134,-0.330811,0.63823,-0.804047,0.541642,0.839389196,-0.079154,2.962097,-0.633766
10-16-33 512,0,0,0,0.28,-0.177002,0,-0.330811,0,-0.804047,0,0,-0.079154,2.962097,-0.633766
10-16-33 560,0,0,0,0.24,-0.177002,0,-0.330811,0,-0.804047,0,0,-0.079154,2.962097,-0.633766
10-16-33 612,0,0,0,0.24,-0.177002,0,-0.330811,0,-0.804047,0,0,0.682788,-0.126238,-0.598137
10-16-33 668,0,0,0,0.16,0.013382,0.190384,-0.225464,0.105347,-0.977097,0.17305,0.278011439,0.682788,-0.126238,-0.598137
10-16-33 716,0,0,0,0.16,0.013382,0,-0.225464,0,-0.977097,0,0,0.682788,-0.126238,-0.598137
10-16-33 765,0,0,0,0.16,0.013382,0,-0.225464,0,-0.977097,0,0,0.502913,-0.048474,0.272379
10-16-33 819,0,0,0,0.16,0.013382,0,-0.225464,0,-0.977097,0,0,0.502913,-0.048474,0.272379
10-16-33 873,0,0,0,0.12,0.028275,0.014893,-0.305756,0.080292,-1.060791,0.083694,0.116932854,0.502913,-0.048474,0.272379
10-16-33 924,0,0,0,0.12,0.028275,0,-0.305756,0,-1.060791,0,0,0.502913,-0.048474,0.272379
10-16-33 971,0,0,0,0.08,0.028275,0,-0.305756,0,-1.060791,0,0,0.651169,0.436922,0.307338
10-16-34 029,0,0,0,0.12,0.028275,0,-0.305756,0,-1.060791,0,0,0.651169,0.436922,0.307338
10-16-34 078,0,0,0,0.12,0.003021,0.025254,-0.385605,0.079849,-0.867767,0.193024,0.210408868,0.651169,0.436922,0.307338
10-16-34 127,0,0,0,0.12,0.003021,0,-0.385605,0,-0.867767,0,0,0.651169,0.436922,0.307338
10-16-34 176,0,0,0,0.12,0.003021,0,-0.385605,0,-0.867767,0,0,-0.136968,0.151089,0.2929
10-16-34 234,0,0,0,0.12,0.003021,0,-0.385605,0,-0.867767,0,0,-0.136968,0.151089,0.2929
10-16-34 283,0,0,0,0.12,0.003021,0,-0.385605,0,-0.867767,0,0,-0.136968,0.151089,0.2929
10-16-34 332,0,0,0,0.16,0.075974,0.072953,-0.441956,0.056351,-0.855087,0.01268,0.093050297,-0.136968,0.151089,0.2929
10-16-34 380,0,0,0,0.16,0.075974,0,-0.441956,0,-0.855087,0,0,-0.445224,0.113518,0.507063
10-16-34 440,0,0,0,0.12,0.075974,0,-0.441956,0,-0.855087,0,0,-0.445224,0.113518,0.507063
10-16-34 488,0,0,0,0.12,0.075974,0,-0.441956,0,-0.855087,0,0,-0.445224,0.113518,0.507063
10-16-34 536,0,0,0,0.08,0.013992,0.061982,-0.363159,0.078797,-0.91713,0.062043,0.117898555,-0.445224,0.113518,0.507063
10-16-34 595,0,0,0,0.12,0.013992,0,-0.363159,0,-0.91713,0,0,-0.445224,0.113518,0.507063
10-16-34 644,0,0,0,0.12,0.013992,0,-0.363159,0,-0.91713,0,0,0.065481,0.050148,0.204659
10-16-34 697,0,0,0,0.16,0.013992,0,-0.363159,0,-0.91713,0,0,0.065481,0.050148,0.204659
10-16-34 742,0,0,0,0.12,-0.02124,0.035232,-0.358475,0.004684,-0.908524,0.008606,0.03656907,0.065481,0.050148,0.204659
10-16-34 852,0,0,0,0.12,-0.02124,0,-0.358475,0,-0.908524,0,0,-0.118452,0.012794,-0.155697
10-16-34 857,0,0,0,0.16,-0.02124,0,-0.358475,0,-0.908524,0,0,-0.118452,0.012794,-0.155697
10-16-34 899,0,0,0,0.16,-0.02124,0,-0.358475,0,-0.908524,0,0,-0.118452,0.012794,-0.155697
10-16-34 955,0,0,0,0.16,0.039658,0.060898,-0.407379,0.048904,-0.901474,0.00705,0.078421108,-0.118452,0.012794,-0.155697
10-16-36 336,0,0,0,0.2,0.167542,0.127884,-0.539032,0.131653,-1.043625,0.142151,0.232150246,0.032394,0.159307,0.662099
10-16-36 342,0,0,0,0.24,0.167542,0,-0.539032,0,-1.043625,0,0,0.032394,0.159307,0.662099
10-16-36 349,0,0,0,0.24,0.167542,0,-0.539032,0,-1.043625,0,0,0.032394,0.159307,0.662099
10-16-36 354,0,0,0,0.32,0.167542,0,-0.539032,0,-1.043625,0,0,0.032394,0.159307,0.662099
10-16-36 358,0,0,0,0.36,0.167542,0,-0.539032,0,-1.043625,0,0,0.032394,0.159307,0.662099
10-16-36 361,0,0,0,0.4,0.167542,0,-0.539032,0,-1.043625,0,0,0.032394,0.159307,0.662099
10-16-36 366,0,0,0,0.4,0.167542,0,-0.539032,0,-1.043625,0,0,0.032394,0.159307,0.662099
10-16-36 372,0,0,0,0.6,0.167542,0,-0.539032,0,-1.043625,0,0,0.032394,0.159307,0.662099
10-16-36 377,0,0,0,0.64,0.167542,0,-0.539032,0,-1.043625,0,0,0.032394,0.159307,0.662099
10-16-36 389,0,0.04,0,0.72,0.167542,0,-0.539032,0,-1.043625,0,0,0.032394,0.159307,0.662099
10-16-36 393,0,0.04,0,0.68,0.167542,0,-0.539032,0,-1.043625,0,0,0.032394,0.159307,0.662099
10-16-36 398,0,0,0,0.72,0.167542,0,-0.539032,0,-1.043625,0,0,0.032394,0.159307,0.662099
10-16-36 415,0,0.04,0,0.68,0.167542,0,-0.539032,0,-1.043625,0,0,0.032394,0.159307,0.662099
10-16-36 425,0,0,0,0.68,0.167542,0,-0.539032,0,-1.043625,0,0,0.032394,0.159307,0.662099
10-16-36 439,0,0.04,0,0.72,0.229263,0.061721,-0.509491,0.029541,-0.874802,0.168823,0.182162998,0.066725,0.499299,0.81131
10-16-36 445,0,0,0,0.6,0.229263,0,-0.509491,0,-0.874802,0,0,0.066725,0.499299,0.81131
10-16-36 450,0,0,0,0.36,0.229263,0,-0.509491,0,-0.874802,0,0,0.066725,0.499299,0.81131
10-16-36 455,0,0,0,0.2,0.229263,0,-0.509491,0,-0.874802,0,0,0.066725,0.499299,0.81131
10-16-36 458,0,0,0,0.12,0.229263,0,-0.509491,0,-0.874802,0,0,0.066725,0.499299,0.81131
10-16-36 462,0,0,0,0,0.229263,0,-0.509491,0,-0.874802,0,0,0.066725,0.499299,0.81131
10-16-36 475,0,0,0,0,0.229263,0,-0.509491,0,-0.874802,0,0,0.066725,0.499299,0.81131
10-16-36 479,0,0,0,0,0.229263,0,-0.509491,0,-0.874802,0,0,0.066725,0.499299,0.81131
10-16-36 486,0,0,0,0,0.229263,0,-0.509491,0,-0.874802,0,0,0.066725,0.499299,0.81131
10-16-36 488,0,0,0,0,0.229263,0,-0.509491,0,-0.874802,0,0,0.066725,0.499299,0.81131
10-16-36 492,0,0,0,0.36,0.229263,0,-0.509491,0,-0.874802,0,0,0.066725,0.499299,0.81131
10-16-36 502,0,0,0,0.2,0.229263,0,-0.509491,0,-0.874802,0,0,0.066725,0.499299,0.81131
10-16-36 508,0,0,0,0.12,0.229263,0,-0.509491,0,-0.874802,0,0,0.066725,0.499299,0.81131
10-16-36 520,0,0,0,0,0.229263,0,-0.509491,0,-0.874802,0,0,0.066725,0.499299,0.81131
10-16-36 525,0,0,0,0,0.229263,0,-0.509491,0,-0.874802,0,0,0.066725,0.499299,0.81131
10-16-36 531,0,0,0,0,0.229263,0,-0.509491,0,-0.874802,0,0,0.066725,0.499299,0.81131
10-16-36 536,0,0,0,0,0.229263,0,-0.509491,0,-0.874802,0,0,0.066725,0.499299,0.81131
10-16-36 538,0,0,0,0,0.229263,0,-0.509491,0,-0.874802,0,0,0.066725,0.499299,0.81131
10-16-36 543,0,0,0,0.36,0.229263,0,-0.509491,0,-0.874802,0,0,0.066725,0.499299,0.81131
10-16-36 549,0,0,0,0.2,0.229263,0,-0.509491,0,-0.874802,0,0,0.066725,0.499299,0.81131
10-16-36 553,0,0,0,0.12,0.229263,0,-0.509491,0,-0.874802,0,0,0.066725,0.499299,0.81131
10-16-36 556,0,0,0,0,0.229263,0,-0.509491,0,-0.874802,0,0,0.066725,0.499299,0.81131
10-16-36 559,0,0,0,0,0.229263,0,-0.509491,0,-0.874802,0,0,0.066725,0.499299,0.81131
10-16-36 562,0,0,0,0,0.229263,0,-0.509491,0,-0.874802,0,0,0.066725,0.499299,0.81131
10-16-36 565,0,0,0,0,0.229263,0,-0.509491,0,-0.874802,0,0,0.066725,0.499299,0.81131
10-16-36 568,0,0,0,0,0.229263,0,-0.509491,0,-0.874802,0,0,0.066725,0.499299,0.81131
10-16-36 573,0,0,0,0.36,0.229263,0,-0.509491,0,-0.874802,0,0,0.066725,0.499299,0.81131
10-16-36 576,0,0,0,0.2,0.229263,0,-0.509491,0,-0.874802,0,0,0.066725,0.499299,0.81131
10-16-36 579,0,0,0,0.12,0.229263,0,-0.509491,0,-0.874802,0,0,0.066725,0.499299,0.81131
10-16-36 583,0,0,0,0,0.229263,0,-0.509491,0,-0.874802,0,0,0.066725,0.499299,0.81131
10-16-36 589,0,0,0,0,0.229263,0,-0.509491,0,-0.874802,0,0,0.066725,0.499299,0.81131
10-16-36 607,0,0,0,0,0.260529,0.031266,-0.399261,0.11023,-1.102386,0.227584,0.254799319,0.066725,0.499299,0.81131
10-16-36 656,0,0,0,0,0.260529,0,-0.399261,0,-1.102386,0,0,0.387991,0.14564,0.687489
10-16-36 721,0,0,0,0,0.260529,0,-0.399261,0,-1.102386,0,0,0.387991,0.14564,0.687489
10-16-36 784,0,0,0,0,0.260529,0,-0.399261,0,-1.102386,0,0,0.387991,0.14564,0.687489
10-16-36 812,0,0,0,0,0.140808,0.119721,-0.481201,0.08194,-0.831314,0.271072,0.307452941,0.387991,0.14564,0.687489
10-16-36 863,0,0,0,0,0.140808,0,-0.481201,0,-0.831314,0,0,0.34527,-0.192056,0.550119
10-16-36 911,0,0,0,0,0.140808,0,-0.481201,0,-0.831314,0,0,0.34527,-0.192056,0.550119
10-16-36 969,0,0,0,0,0.140808,0,-0.481201,0,-0.831314,0,0,0.34527,-0.192056,0.550119
10-16-37 017,0,0,0,0.08,-0.00827,0.149078,-0.633148,0.151947,-0.708359,0.122955,0.245825289,0.34527,-0.192056,0.550119
10-16-37 068,0,0,0,0.12,-0.00827,0,-0.633148,0,-0.708359,0,0,0.021571,0.107675,0.271404
10-16-37 116,0,0,0,0.2,-0.00827,0,-0.633148,0,-0.708359,0,0,0.021571,0.107675,0.271404
10-16-37 174,0,0,0,0.28,-0.00827,0,-0.633148,0,-0.708359,0,0,0.021571,0.107675,0.271404
10-16-37 222,0,0,0,0.32,0.008545,0.016815,-0.738327,0.105179,-0.751495,0.043136,0.114917713,0.021571,0.107675,0.271404
10-16-37 271,0,0,0.04,0.44,0.008545,0,-0.738327,0,-0.751495,0,0,0.824693,-0.042098,-0.07504
10-16-37 332,0,0,0.08,0.52,0.008545,0,-0.738327,0,-0.751495,0,0,0.824693,-0.042098,-0.07504
10-16-37 379,0,0,0.08,0.56,0.008545,0,-0.738327,0,-0.751495,0,0,0.824693,-0.042098,-0.07504
10-16-37 428,0,0,0.08,0.56,-0.041672,0.050217,-0.766937,0.02861,-0.835602,0.084107,0.102050314,0.345646,0.225205,0.375273
10-16-37 476,0,0,0.04,0.56,-0.041672,0,-0.766937,0,-0.835602,0,0,0.345646,0.225205,0.375273
10-16-37 537,0,0,0.04,0.6,-0.041672,0,-0.766937,0,-0.835602,0,0,0.345646,0.225205,0.375273
10-16-37 590,0,0,0.08,0.6,-0.041672,0,-0.766937,0,-0.835602,0,0,0.345646,0.225205,0.375273
10-16-37 636,0,0,0.12,0.6,-0.041672,0,-0.766937,0,-0.835602,0,0,-0.060464,0.651443,0.415575
10-16-37 692,0,0,0.12,0.64,-0.07077,0.029098,-0.810791,0.043854,-0.367355,0.468247,0.471195416,-0.060464,0.651443,0.415575
10-16-37 742,0,0,0.12,0.64,-0.07077,0,-0.810791,0,-0.367355,0,0,-0.060464,0.651443,0.415575
10-16-37 790,0,0,0.12,0.64,-0.07077,0,-0.810791,0,-0.367355,0,0,-0.060464,0.651443,0.415575
10-16-37 839,0,0,0.12,0.64,-0.07077,0,-0.810791,0,-0.367355,0,0,-1.196399,0.739053,0.211266
10-16-37 899,0,0,0.08,0.64,-0.096909,0.026139,-0.742569,0.068222,-0.559082,0.191727,0.205174879,-1.196399,0.739053,0.211266
10-16-37 950,0,0,0.04,0.52,-0.096909,0,-0.742569,0,-0.559082,0,0,-1.196399,0.739053,0.211266
10-16-37 994,0,0,0,0.44,-0.096909,0,-0.742569,0,-0.559082,0,0,-1.196399,0.739053,0.211266
